danceability,energy,key,loudness,mode,speechiness,acousticness,instrumentalness,liveness,valence,tempo,time_signature,track_id,artist_ids,genre_list,track_name,artist_names,filename
0.784,0.521,1,-5.701,1,0.0322,0.062,4.75e-06,0.0995,0.817,101.491,4,5q3LwAHTqo9d3rET2EA9Nq,"['1AhjOkOLkbHUfcHDSErXQs', '6UbmqUEgjLA6jAcXwbM1Z9']","['k-pop', 'korean r&b', 'asian american hip hop']",The Weekend,"88rising, BIBI","88rising, BIBI - The Weekend.mp3"
0.905,0.838,6,-6.838,1,0.0499,0.00112,0.839,0.608,0.464,126.007,4,0oUTyBEY3NQzmu2VuoKpSH,['6EqFMCnVGBRNmwPlk2f3Uc'],"['fidget house', 'brostep', 'electro house', 'bass house']",Bass Inside,AC Slater,AC Slater - Bass Inside.mp3
0.897,0.692,11,-4.985,0,0.0492,0.0187,0.725,0.0603,0.607,125.023,4,26xlCgHpcF4GE0FFVsS6Oy,"['6EqFMCnVGBRNmwPlk2f3Uc', '7tm9Tuc70geXOOyKhtZHIj', '7zm3aSdmGiOkTt0aZFSO8R']","['fidget house', 'house', 'tech house', 'bass house', 'brostep', 'electro house']",Fly Kicks - Wax Motif Remix,"AC Slater, Chris Lorenzo, Wax Motif","AC Slater, Chris Lorenzo - Fly Kicks - Wax Motif Remix.mp3"
0.724,0.792,1,-3.332,0,0.102,0.0114,7.81e-06,0.625,0.559,109.997,4,2PAr2vrUwJs6QqRxDv0mP8,"['1NfT4THLhxNASM4xVImfNg', '4pnrk5QCXeKifcD98STB24']","['kawaii future bass', 'kawaii edm', 'future bass']",Space Girl,"AIKA, TOFIE","AIKA, TOFIE - Space Girl.mp3"
0.71,0.729,2,-4.978,1,0.0539,0.0743,3.89e-06,0.0419,0.532,124.995,4,38TlYe1miTAL6r1FyJj7PS,"['4AVFqumd2ogHFlRbKIjp1t', '0awl5piYwO0CDTHEkCjUhn', '39PhMWg1aAuuZcph0OXGu6']","['progressive electro house', 'pop', 'dutch house', 'progressive house', 'edm', 'german techno', 'afrobeats', 'pop dance', 'sky room', 'electro house', 'dance pop']",I Wanna Know - Alesso & Deniz Koyu Remix,"Alesso, Nico & Vinz, Deniz Koyu","Alesso, Nico & Vinz - I Wanna Know - Alesso & Deniz Koyu Remix.mp3"
0.596,0.481,3,-9.375,1,0.0351,0.761,0.00135,0.194,0.529,97.04,4,5Jqp5YuySyuTOTfFBLkY6K,['6hfwwpXqZPRC9CsKI7qtv1'],['etherpop'],Between Us,Alina Baraz,Alina Baraz - Between Us.mp3
0.647,0.594,10,-6.708,0,0.0516,0.00457,6.07e-06,0.0539,0.77,73.992,4,5jYkyOIoEeWZobedmHM50N,"['0wnYgCeP013HkKoOyC5V32', '2uYWxilOVlUdk4oV9DvwqK']","['canadian pop', 'brooklyn indie', 'metropopolis', 'alt z', 'canadian electropop', 'electropop', 'dark pop', 'pov: indie']",Susie Save Your Love,"Allie X, Mitski","Allie X, Mitski - Susie Save Your Love.mp3"
0.192,0.885,0,-3.07,0,0.0522,0.00094,2.59e-06,0.23,0.285,91.605,4,0bclooQbNXjWCj8EdcwUM9,"['2UwJRAgSOi1zcLkvUNc8XL', '224Zsim3dmWXWYUXFuHv0o']","['chiptune', 'bitpop', 'nintendocore', 'indie game soundtrack', 'dark pop']",On My Own,"Anamanaguchi, HANA","Anamanaguchi, HANA - On My Own.mp3"
0.799,0.573,3,-9.314,0,0.0429,0.377,0.000126,0.317,0.63,125.047,4,5jpp5lgBYjC38ut9XWVK8R,['2V6GNbrXanLBlMLCx5nXZN'],[],Belong,Andrea Chahayed,Andrea Chahayed - Belong.mp3
0.729,0.772,7,-6.927,1,0.0733,0.0213,0.619,0.142,0.636,124.015,4,6G1FihxPSWDiRtAtWjfWHk,"['3zaxUd86U92CdZkNa6NUo9', '1bJJlRHoc1UVeqzxcrPLIw', '6kuFWCCvd7bWB1PV0tJMN2']","['la pop', 'vapor twitch']",Let Go - Phantoms Remix,"Ark Patrol, Phantoms, Veronika Redd","Ark Patrol, Veronika Redd - Let Go - Phantoms Remix.mp3"
0.567,0.938,10,-3.503,1,0.052,0.0179,0.00943,0.741,0.288,127.97,4,0HObjm9VehCggBxMmzWOoZ,"['4xnMDfgEmXZEEDdITKcGuE', '4IRiL3zGMaYYVa9nDXTu1Q']","['progressive electro house', 'progressive house', 'edm', 'pop dance', 'electro house', 'pop edm']",Escape (with Nomra),"Audien, Nomra",Audien - Escape (with Nomra).mp3
0.278,0.286,1,-7.981,1,0.0374,0.39,0.0291,0.107,0.036,124.648,4,3EN0qzn6u3Pa1FFd8m1IZO,"['4xnMDfgEmXZEEDdITKcGuE', '5140yrzsnpa1lfbprImDw0']","['progressive electro house', 'progressive house', 'edm', 'pop dance', 'electro house', 'pop edm']",See You On The Other Side [Upmost Remix],"Audien, Upmost",Audien - See You On The Other Side [Upmost Remix].mp3
0.442,0.277,2,-10.431,1,0.0336,0.466,0.432,0.16,0.0385,120.044,4,3nH63EMuuXzpGnNl93KEzK,['4xnMDfgEmXZEEDdITKcGuE'],"['progressive electro house', 'progressive house', 'edm', 'pop dance', 'electro house', 'pop edm']",See You On The Other Side,Audien,Audien - See You On The Other Side.mp3
0.644,0.616,1,-3.928,0,0.0391,0.0927,0.0,0.105,0.467,124.957,4,3Dr0xDJwXy6JkiHNJfv5zd,"['4xnMDfgEmXZEEDdITKcGuE', '3SHmKHBjw1ks5yXtblJWPn']","['progressive electro house', 'singer-songwriter pop', 'progressive house', 'edm', 'pop dance', 'electro house', 'pop edm']",Wish It Was You,"Audien, Cate Downey","Audien, Cate Downey - Wish It Was You.mp3"
0.549,0.835,2,-2.632,1,0.0656,0.0692,0.0,0.212,0.423,126.08,4,33lXq3csEWwYNn6x0sM3Et,"['4xnMDfgEmXZEEDdITKcGuE', '32WkQRZEVKSzVAAYqukAEA']","['progressive electro house', 'country road', 'progressive house', 'contemporary country', 'edm', 'country pop', 'pop dance', 'country', 'country dawn', 'electro house', 'pop edm']",Something Better,"Audien, Lady A","Audien, Lady A - Something Better.mp3"
0.713,0.719,4,-6.972,1,0.0455,0.164,0.0335,0.0853,0.24,119.993,4,1nV6VafLPuRSsXgbDY3i6L,"['4xnMDfgEmXZEEDdITKcGuE', '7CWqlWlNqgpEYr4vwcVzCJ']","['progressive electro house', 'progressive house', 'edm', 'pop dance', 'electro house', 'pop edm', 'australian electropop']",One Last Dance,"Audien, XIRA","Audien, XIRA - One Last Dance.mp3"
0.742,0.604,1,-8.452,1,0.0522,0.251,0.000272,0.209,0.497,74.94,4,08tdFfSLp50Wv6HIcfH9YP,['0Wwji82sLA0Hcvtuak3omb'],"['alternative r&b', 'modern indie pop']",Baby Blues,AUDREY NUNA,AUDREY NUNA - Baby Blues.mp3
0.852,0.549,10,-7.31,0,0.317,0.0988,1.35e-06,0.122,0.666,162.027,4,01ukVTKa6DhejzNulpoG2t,['0Wwji82sLA0Hcvtuak3omb'],"['alternative r&b', 'modern indie pop']",damn Right,AUDREY NUNA,AUDREY NUNA - damn Right.mp3
0.759,0.939,7,-5.072,1,0.0826,0.00393,0.0714,0.0953,0.123,122.02,4,0dwy0PQvzCgRID2ybdsCiA,"['3SvCpwSeoWCcjfo8zjPZKB', '1Bk2KyFVMN5PeyVyDIiLqF']","['canadian electronic', 'brostep', 'afroswing', 'birmingham hip hop', 'trap queen', 'electro house']",Bling,"Autoerotique, Lady Leshurr",Autoerotique - Bling (feat. Lady Leshurr).mp3
0.893,0.544,10,-6.484,1,0.0328,0.309,0.469,0.583,0.264,118.017,4,2oqDqIxDUoWhDjuW5yNx01,['28yVvEvA2lT3K5RNIhV1Dj'],"['vapor soul', 'indie electropop']",When I'm Alone,BAYNK,BAYNK - When I'm Alone.mp3
0.829,0.985,1,-3.33,1,0.067,0.000347,0.762,0.0326,0.599,124.983,4,58cJhEdo6YCEP1Lw4BJo9g,['1PiNBMw3iIaG021gWeidUY'],['bass house'],Everybody Goes,Bellecour,Bellecour - Everybody Goes.mp3
0.694,0.669,7,-5.748,1,0.0328,0.0382,0.021,0.0975,0.338,121.987,4,2Ob2E0owyR8gdF0YGf0fZp,['0PxzGnCYBpSuaI49OR94cA'],[],Joypunks,Big Wild,Big Wild - Joypunks.mp3
0.693,0.734,4,-6.189,1,0.202,0.0145,0.0,0.217,0.708,180.06,4,5zwwW9Oq7ubSxoCGyW1nbY,['41MozSoPIsD1dJM0CLPjZF'],"['k-pop', 'pop', 'k-pop girl group']",Pink Venom,BLACKPINK,BLACKPINK - Pink Venom.mp3
0.804,0.892,7,-3.017,1,0.07,0.0113,0.822,0.133,0.54,126.019,4,3QORLvINZ5ie3lRsTOZJqD,['7kA4sEagpoNK91I7wr9tYr'],"['indonesian edm', 'tech house', 'bass house']",Funk Accelerator,Bleu Clair,Bleu Clair - Funk Accelerator.mp3
0.685,0.846,7,-3.771,0,0.0462,0.099,0.00168,0.344,0.255,126.046,4,5NAeLHGIbxGcmKMwYxuwWS,"['7kA4sEagpoNK91I7wr9tYr', '596BA0qMEP52RCEOiqIrnr']","['indonesian edm', 'tech house', 'bass house']",Have Me All,"Bleu Clair, Jelita",Bleu Clair - Have Me All (feat. Jelita).mp3
0.685,0.918,1,-4.591,1,0.0437,0.0897,0.00635,0.158,0.217,123.977,4,1E7HbaOLA8FN3iUynKevpg,['7kA4sEagpoNK91I7wr9tYr'],"['indonesian edm', 'tech house', 'bass house']",Hypnotized,Bleu Clair,Bleu Clair - Hypnotized.mp3
0.715,0.948,7,-4.152,1,0.0617,0.0322,0.928,0.0409,0.608,125.999,4,2Oh4jKif9YIlxbg8aX6Km0,['7kA4sEagpoNK91I7wr9tYr'],"['indonesian edm', 'tech house', 'bass house']",Sand Dunes,Bleu Clair,Bleu Clair - Sand Dunes.mp3
0.745,0.987,1,-4.114,0,0.0845,0.00213,0.324,0.34,0.696,126.015,4,533T9iIMBhmRXcKVH48CxO,['7kA4sEagpoNK91I7wr9tYr'],"['indonesian edm', 'tech house', 'bass house']",Step Into It,Bleu Clair,Bleu Clair - Step Into It.mp3
0.783,0.954,11,-4.796,0,0.0748,0.00966,0.638,0.0676,0.752,125.983,4,7F2xg9REyaMDf9JHMV8V9S,"['7kA4sEagpoNK91I7wr9tYr', '1XwL3qdo0jPmliKRgxY5TL']","['indonesian edm', 'tech house', 'bmore', 'bass house']",Peanut Butter,"Bleu Clair, Dances With White Girls","Bleu Clair, Dances With White Girls - Peanut Butter.mp3"
0.796,0.992,1,-3.009,0,0.0589,0.00232,0.728,0.253,0.702,127.994,4,3vq4X1cphzASnVAPR3Tfqg,"['7kA4sEagpoNK91I7wr9tYr', '3kWLEfykUXgiuhbR2NwnLI', '0O6GiRrnADewkp91ELz39s']","['indonesian edm', 'tech house', 'bass house']",Killer Bee,"Bleu Clair, OOTORO, Chyra","Bleu Clair, OOTORO, Chyra - Killer Bee.mp3"
0.657,0.757,0,-5.257,0,0.0584,0.428,0.0,0.0728,0.672,122.056,4,6n7rJUcwmQDestMYXoSoZF,"['2nuKjZLgc7II6FO4Rxjt5e', '2vGaSKEDFsVPBgcnGxqlBN']","['house', 'strut', 'indie poptimism', 'uk dance']",All Cried Out,"Blonde, Alex Newell",Blonde - All Cried Out (feat. Alex Newell) - Radio Edit.mp3
0.894,0.84,8,-7.372,1,0.248,0.0983,0.00027,0.162,0.728,125.029,4,6k560R01qUKlpm9lbIfAXr,"['34KMxwDAHIvM7Kwt1PcClb', '2CgysNw5B7rFNRtRjQbPZ9', '4kubsO16bEfCADaVUyoYb6']","['vapor twitch', 'future bass', 'chillwave']",Fantasy,"Bodysync, Ryan Hemsworth, Giraffage","Bodysync, Ryan Hemsworth, Giraffage - Fantasy.mp3"
0.85,0.993,4,-3.463,1,0.17,0.0126,0.419,0.186,0.647,125.05,4,2C4N8mjycDcHBcHoD17sYF,"['0qM78DOdgnNPpq2CpTNgU5', '1PiNBMw3iIaG021gWeidUY']",['bass house'],Tokyo Bill,"Born Dirty, Bellecour","Born Dirty, Bellecour - Tokyo Bill.mp3"
0.641,0.924,11,-5.952,1,0.138,0.0286,0.00212,0.185,0.516,127.984,4,7BI1wl8FIQecbsMh41hFsW,"['4XquDVA8pkg5Lx91No1JxB', '4oLeXFyACqeem2VImYeBFe', '3pK4EcflBpG1Kpmjk5LK2R']","['house', 'stutter house', 'black americana', 'neo soul', 'edm', 'modern blues rock']",Stay High again..,"Brittany Howard, Fred again.., Joy Anonymous","Brittany Howard, Fred again.., Joy Anonymous - Stay High again...mp3"
0.623,0.787,3,-6.609,1,0.0549,0.325,1.14e-06,0.0688,0.785,91.962,4,0GtwMH7DIAU5lyHlnt4LQa,"['1gi49JL4LNUMlylXm5Z0ZG', '1oPRcJUkloHaRLYx0olBLJ']",['la pop'],Superficial Love,"Calica, Magdalena Bay","Calica, Magdalena Bay - Superficial Love.mp3"
0.751,0.9,5,-4.964,1,0.154,0.0152,7.08e-06,0.202,0.732,122.003,4,0TU6XXYqBJ18bRIIiIFw89,"['5QP5fl1l4e9NmKmkMUOTF5', '0MZ2kdIMm8GrHOzPm1QK1A', '2TzDFGYjzVbaSEA3msOpqI']","['experimental hip hop', 'jazz rap', 'austindie', 'funktronica']",Ooeeooeeoo - Teddy Roxpin & Lando Chill Remix,"CAPYAC, Teddy Roxpin, Lando Chill",CAPYAC - Ooeeooeeoo - Teddy Roxpin & Lando Chill Remix.mp3
0.838,0.849,1,-5.057,1,0.223,0.00533,0.0492,0.0637,0.754,124.006,4,5mFhetGcSgldHxwBh62wlC,['3wRQD6UZWlaWEnbgpIEPPX'],"['electro house', 'bass house']",Don't Let The Bass Get Ya,Cazztek,Cazztek - Don't Let The Bass Get Ya.mp3
0.738,0.968,11,-3.1,0,0.0894,0.00103,0.346,0.269,0.856,125.031,4,1AzMcCQ8WZgxIv1bDTro4t,['3wRQD6UZWlaWEnbgpIEPPX'],"['electro house', 'bass house']",To The Beat,Cazztek,Cazztek - To The Beat.mp3
0.776,0.883,11,-5.845,0,0.0712,0.00426,0.351,0.0571,0.676,125.008,4,7IM73yy9leN8ftZsOVmVTO,['5Igpc9iLZ3YGtKeYfSrrOE'],"['house', 'tech house', 'bass house', 'progressive house', 'edm', 'pop dance', 'melbourne bounce', 'electro house']",I Want You,Chris Lake,Chris Lake - I Want You.mp3
0.846,0.891,1,-4.902,0,0.0652,0.000394,0.803,0.124,0.94,126.029,4,2e2yKavdT6WQzzMHwNtPFa,"['5Igpc9iLZ3YGtKeYfSrrOE', '21OabQwzpxuFNxp7p781Ao']","['house', 'tech house', 'bass house', 'progressive house', 'edm', 'pop dance', 'melbourne bounce', 'electro house']",In The Yuma,"Chris Lake, Aatig",Chris Lake - In The Yuma (feat. Aatig).mp3
0.778,0.933,9,-5.719,1,0.214,0.00195,0.807,0.602,0.535,124.993,4,4oXT61OL4mDPRXbjq2d7b1,"['5Igpc9iLZ3YGtKeYfSrrOE', '1XwL3qdo0jPmliKRgxY5TL']","['house', 'tech house', 'bass house', 'progressive house', 'edm', 'pop dance', 'melbourne bounce', 'electro house', 'bmore']",Operator (Ring Ring) [feat. Dances With White Girls],"Chris Lake, Dances With White Girls",Chris Lake - Operator (Ring Ring) [feat. Dances With White Girls].mp3
0.706,0.846,6,-5.475,1,0.04,0.00653,0.161,0.0908,0.241,123.994,4,0VgtjIiWXKMxqtYnhHmQ8U,['5Igpc9iLZ3YGtKeYfSrrOE'],"['house', 'tech house', 'bass house', 'progressive house', 'edm', 'pop dance', 'melbourne bounce', 'electro house']",Stay With Me,Chris Lake,Chris Lake - Stay With Me.mp3
0.824,0.745,11,-5.49,0,0.0755,0.0467,3.29e-05,0.198,0.888,125.013,4,7dsImih2L25fa6qjNphBI7,"['5Igpc9iLZ3YGtKeYfSrrOE', '2GtBFxIWM3H6wRI2uzZvyt']","['house', 'tech house', 'chill r&b', 'bass house', 'progressive house', 'edm', 'pop dance', 'melbourne bounce', 'electro house']",Turn off the Lights,"Chris Lake, Alexis Roberts",Chris Lake - Turn off the Lights (feat. Alexis Roberts).mp3
0.81,0.66,9,-7.633,0,0.0616,0.000274,0.896,0.0701,0.678,124.023,4,176utnQuKh2Hbp2sGp5S1A,"['5Igpc9iLZ3YGtKeYfSrrOE', '0BEYTctVmnYa5yStp4Jpab']","['house', 'tech house', 'bass house', 'progressive house', 'edm', 'pop dance', 'melbourne bounce', 'electro house']",Y.O.D.O,"Chris Lake, Destructo","Chris Lake, Destructo - Y.O.D.O.mp3"
0.764,0.886,11,-5.692,0,0.0466,0.000221,0.428,0.114,0.695,126.015,4,5KjGeN6trGA6e09HDprMmd,"['5Igpc9iLZ3YGtKeYfSrrOE', '1lAwVq9MxNJkB0dEY6xNoV']","['house', 'tech house', 'bass house', 'progressive house', 'deep disco house', 'edm', 'pop dance', 'melbourne bounce', 'electro house']",Drop Top,"Chris Lake, Walker & Royce","Chris Lake, Walker & Royce - Drop Top.mp3"
0.805,0.785,5,-5.964,0,0.0479,0.00114,0.36,0.0558,0.807,126.026,4,41yTIYKg8i2pvyKdopg5Mm,"['2mV8aJphiSHYJf43DxL7Gt', '1KpCi9BOfviCVhmpI4G2sY']","['nu disco', 'future house', 'indietronica', 'house', 'alternative dance', 'deep groove house', 'neo-synthpop', 'progressive house', 'edm', 'filter house', 'dance rock', 'new rave', 'pop dance', 'electro house']",Words With You - Tchami Remix,"Chromeo, Tchami",Chromeo - Words With You - Tchami Remix.mp3
0.416,0.492,7,-6.585,0,0.0314,0.0265,0.0528,0.0958,0.13,90.023,4,3Nuv1oRQQDDn8ZKCrYSlFJ,['1496XxkytEk26FUJLfpVZr'],"['downtempo bass', 'electra', 'glitch hop']",Microworlds,CloZee,CloZee - Microworlds.mp3
0.488,0.626,11,-7.286,0,0.0373,0.167,0.0765,0.293,0.219,171.992,4,2JGPTeVnAxMiFIk15598Ux,"['1496XxkytEk26FUJLfpVZr', '7ErksWhMMsmGtgT1l1e159', '1bDXdxSg3Ve7V7f3bteIyk']","['electra', 'vapor twitch', 'glitch hop', 'downtempo bass', 'tropical house']",Back To The Top,"CloZee, Britt Lari, Dreamers Delight","CloZee, Britt Lari, Dreamers Delight - Back To The Top.mp3"
0.527,0.586,0,-7.207,1,0.0288,0.165,0.00199,0.16,0.168,134.013,4,43QTqbEuSMnofYrZ1fuNwi,"['1496XxkytEk26FUJLfpVZr', '2zmrsXMHxagFz6vI2cD7r6']","['indie electropop', 'indie poptimism', 'electra', 'alt z', 'glitch hop', 'electropop', 'la pop', 'downtempo bass']",Glow In The Dark,"CloZee, Ella Vos","CloZee, Ella Vos - Glow In The Dark.mp3"
0.789,0.884,0,-7.251,1,0.0454,0.00033,0.904,0.0352,0.628,125.003,4,6UTMWx0tjYLcv0dpWPdKT4,['3FBxzgzGPs9XUfSYZgG1vX'],['bass house'],So Damn Funky,Codes,Codes - So Damn Funky.mp3
0.727,0.985,11,-3.981,1,0.148,0.159,0.504,0.323,0.518,126.021,4,4kTxW7NcrxR9BgUbb8z9Vb,['5kjmyBhzuNqgahbg9m1QTB'],[],jd sports,counsel pop,counsel pop - jd sports.mp3
0.703,0.833,10,-4.509,0,0.0451,0.127,0.00194,0.157,0.187,127.945,4,3TqmTtE8bP2deIzx7ASnus,['2XiiUuK68XNdHaHOAF5hnT'],"['progressive electro house', 'future house', 'dutch house', 'edm', 'pop dance', 'electro house']",Seeing Is Believing,Curbi,Curbi - Seeing Is Believing.mp3
0.333,0.414,7,-9.236,1,0.038,0.0135,0.00286,0.282,0.27,87.186,3,0DvKlrYXQsoJGotGzsqcbA,['76y8Or7IQGZcKZZ4B8ypw0'],"['canadian contemporary r&b', 'indie r&b']",BITTER,DACEY,DACEY - BITTER.mp3
0.932,0.909,0,-2.494,1,0.0838,0.0349,0.282,0.0445,0.21,124.977,4,2eWv6o1PahFyDrNXMJYQdt,['5728TFNG2bx7GzacEAz3yU'],[],Wingz,Damien N-Drix,Damien N-Drix - Wingz.mp3
0.844,0.835,11,-3.637,1,0.0762,0.0679,0.41,0.0836,0.807,126.008,4,12V3KrpY33BLqy6QDZsX0v,"['5728TFNG2bx7GzacEAz3yU', '6sxcddx1xFwv0MblwbXNVq']","['future bounce', 'korean electronic']",Not Available,"Damien N-Drix, jeonghyeon","Damien N-Drix, jeonghyeon - Not Available.mp3"
0.727,0.904,10,-3.408,0,0.064,0.0153,0.55,0.0963,0.372,124.02,4,3M89zvwwb1jtDUDKYNsdiA,"['3HphLd0XiELTvIPYf55dYC', '0U3b0BjITtQHwjwBVtiGcO', '5I6WLC9Auo6aeTRHPQbdOv', '1YjaVTeHBlVRRxbk7H30HN', '5QCGlnijOcNxsXXNzZkcWL']","['lo-fi product', 'lo-fi latino', 'covertronica', 'mexican edm']",Calabria,"Dance Fruits Music, DMNDS, Fallen Roses, Lunis, Shift K3Y, Lujavo","Dance Fruits Music, DMNDS - Calabria (feat. Fallen Roses, Lujavo & Lunis) - Shift K3Y Edit.mp3"
0.774,0.943,1,-5.507,1,0.228,0.0156,6.86e-05,0.065,0.688,136.036,4,3pbZCLBe6fUZ8dBntDWQ64,"['5JQ1XqKJ2Art01rF4tu1Ra', '5VfSeZYcDwD8WQVwbaoL6z', '0Hh9X3QxTHPE2dlAS1g8IN']","['vapor twitch', 'future bass']",Elysian Park,"Daniel Allan, han.irl <3, Rome in Silver","Daniel Allan, han.irl 3, Rome in Silver - Elysian Park.mp3"
0.77,0.51,10,-7.17,0,0.38,0.171,0.000637,0.0995,0.359,108.995,4,0cBF49sKb9Pr0IfKUzBLmk,"['5vfEaoOBcK0Lzr07WN8KaK', '2clS9uX2uOrHHqkyDMkzA1']","['nu disco', 'alternative r&b', 'chill r&b', 'indie soul', 'filter house']",FADED,"Darius, Amaria","Darius, Amaria - FADED.mp3"
0.823,0.499,11,-6.658,0,0.0575,0.0304,0.502,0.0931,0.44,117.009,4,2bmN1B9HIZTGdaFqMYrgOR,"['5vfEaoOBcK0Lzr07WN8KaK', '01qiJfvXOvrFjFcwwmZ6yc']","['nu disco', 'filter house', 'indie soul']",CHERIE,"Darius, Darianna Everett","Darius, Darianna Everett - CHERIE.mp3"
0.744,0.736,5,-4.269,0,0.156,0.0132,0.145,0.06,0.559,113.982,4,7IRyfeJIBmi08GYgEZwWMM,"['5vfEaoOBcK0Lzr07WN8KaK', '6MfKvHA64hLnQEJ9E5M7FT']","['indie r&b', 'nu disco', 'indie soul', 'filter house', 'neo r&b']",EASE YOUR MIND,"Darius, Devin Tracy","Darius, Devin Tracy - EASE YOUR MIND.mp3"
0.792,0.619,6,-6.718,0,0.0516,0.201,0.0108,0.0979,0.386,123.049,4,5s07MbAYauHkLEyPhH3NOw,"['5vfEaoOBcK0Lzr07WN8KaK', '7bupzBUhDSqBIAkoianGjC']","['nu disco', 'filter house', 'indie soul']",FEELS RIGHT,"Darius, Duñe","Darius, Duñe - FEELS RIGHT.mp3"
0.876,0.522,2,-6.007,1,0.128,0.0421,0.0259,0.121,0.311,111.014,4,5B2mFGqshYv3fiJinfLtcW,"['5vfEaoOBcK0Lzr07WN8KaK', '7h01MzzV4zMo39ocJpJiCi']","['nu disco', 'indie hip hop', 'filter house', 'indie soul']",MATERIAL GIRL,"Darius, Lo Village","Darius, Lo Village - MATERIAL GIRL.mp3"
0.758,0.847,2,-7.394,0,0.0687,0.149,0.906,0.203,0.227,128.086,3,30JVP4BB4KlPaQgiLsMdV8,"['2CIMQHirSU0MQqyYHq0eOx', '1N9n8MSxrr4Emhb566493b']","['canadian electronic', 'progressive house', 'edm', 'complextro', 'pop dance', 'electro house']",imaginary friends (ov) - Morgan Page Remix,"deadmau5, Morgan Page",deadmau5 - imaginary friends (ov) - Morgan Page Remix.mp3
0.768,0.861,1,-7.145,1,0.124,0.0039,0.00302,0.276,0.543,126.009,4,5X2OBrVs8TJMlZYB8EDqad,"['1qVHDR3icC0cD02ofnzEA1', '4Nl6PVYLwbCFfr3UqQlFtE']","['tech house', 'brazilian edm', 'russian edm', 'bass house']",Heart Isn't Home - Volac Remix,"Denis First, VOLAC",Denis First - Heart Isn't Home - Volac Remix.mp3
0.83,0.571,9,-5.935,1,0.259,0.00249,0.0,0.106,0.169,121.834,4,6tbhJje9chpqpYTXPq4TUh,"['0BEYTctVmnYa5yStp4Jpab', '6Ha4aES39QiVjR0L2lwuwq', '6fxyWrfmjcbj5d12gXeiNV', '1gPhS1zisyXr5dHTYZyiMe']","['dirty south rap', 'southern hip hop', 'tennessee hip hop', 'miami hip hop', 'hip hop', 'underground hip hop', 'bass house', 'rap', 'memphis hip hop', 'baton rouge rap', 'trap', 'pop rap', 'dark trap', 'drill', 'gangster rap', 'electro house']",Bandz,"Destructo, Yo Gotti, Denzel Curry, Kevin Gates, Loge21","Destructo - Bandz (feat. Yo Gotti, Kevin Gates & Denzel Curry) - Loge21 Remix.mp3"
0.871,0.797,10,-3.838,0,0.087,0.000194,0.58,0.335,0.295,123.967,4,7kQsjcgYkpLv9204Z7Tdyo,"['5R3Hr2cnCCjt220Jmt2xLf', '1wqW0IQWC7V7jktcjVHID6']","['progressive electro house', 'brostep', 'slap house', 'moombahton', 'edm', 'pop dance', 'electro house']",DFR - Black Caviar Remix,"Dillon Francis, Black Caviar",Dillon Francis - DFR - Black Caviar Remix.mp3
0.751,0.857,5,-3.704,1,0.0947,0.00394,0.428,0.0766,0.391,112.036,4,5hzYhY7jXXNdflaNlV84OX,['5R3Hr2cnCCjt220Jmt2xLf'],"['progressive electro house', 'brostep', 'slap house', 'moombahton', 'edm', 'pop dance', 'electro house']",Still Not Butter,Dillon Francis,Dillon Francis - Still Not Butter.mp3
0.77,0.85,10,-4.224,0,0.0985,0.00196,0.00168,0.394,0.256,124.966,4,1NrEyyjvua6JwZcyvcSqpn,"['5R3Hr2cnCCjt220Jmt2xLf', '4ckLjJztj53Ifid7WHweBn', '7rFc34fdSTTZfBakJjpGSq']","['progressive electro house', 'brostep', 'slap house', 'moombahton', 'edm', 'turkish pop', 'pop dance', 'electro house']",Real Love - Shelco Garcia & Teenwolf Remix,"Dillon Francis, Aleyna Tilki, Shelco Garcia & Teenwolf","Dillon Francis, Aleyna Tilki - Real Love - Shelco Garcia & Teenwolf Remix.mp3"
0.67,0.835,8,-5.341,1,0.051,0.00359,0.0514,0.0407,0.506,129.018,4,5VyFOIwT1wcfllfyx5TaGM,"['5R3Hr2cnCCjt220Jmt2xLf', '02kJSzxNuaWGqwubyUba0Z', '5jm3x1qIibWdKSEMw2G011']","['progressive electro house', 'indie pop rap', 'dutch edm', 'rap', 'bass house', 'brostep', 'slap house', 'moombahton', 'edm', 'oakland hip hop', 'pop dance', 'pop rap', 'electro house', 'electronic trap']",Say Less - Dillon Francis & Moksi Remix,"Dillon Francis, G-Eazy, Moksi","Dillon Francis, G-Eazy - Say Less - Dillon Francis & Moksi Remix.mp3"
0.788,0.621,9,-7.768,1,0.0526,0.00117,0.895,0.0751,0.183,126.001,4,3GQJpl9PeV5RgAJ1OCzrQj,['1M1DknkrhbuC17RUTHcOXC'],[],Wormhole,Dillon Marinez,Dillon Marinez - Wormhole.mp3
0.761,0.786,11,-9.311,1,0.0613,0.000151,0.703,0.211,0.796,126.985,4,6tcAIvGYzQP9dVb28BjANR,['0Ut5FcDeEgaM9PM3LvnH6j'],"['tech house', 'bass house']",Feel Alright,Dillon Nathaniel,Dillon Nathaniel - Feel Alright.mp3
0.735,0.883,1,-5.916,1,0.0718,0.0036,0.817,0.298,0.202,126.006,4,4JPUcOtfX6TL3vJk9CtAwN,['0Ut5FcDeEgaM9PM3LvnH6j'],"['tech house', 'bass house']",Obsessions,Dillon Nathaniel,Dillon Nathaniel - Obsessions.mp3
0.618,0.824,10,-5.708,0,0.0937,0.057,0.000241,0.158,0.55,125.011,4,2M0wZ9iOCsul9PgKCHnIWT,"['6nS5roXSAGhTGr34W6n7Et', '163tK9Wjr9P9DmM0AVK7lm', '3TaUSUXn41GixL7zbvrIDt']","['house', 'pop', 'indietronica', 'fidget house', 'canadian electronic', 'metropopolis', 'turntablism', 'nz pop', 'edm', 'art pop', 'electro house', 'electronic trap', 'uk dance']",Magnets - A-Trak Remix,"Disclosure, Lorde, A-Trak","Disclosure, Lorde - Magnets - A-Trak Remix.mp3"
0.875,0.58,5,-7.339,0,0.308,0.0305,0.0,0.0671,0.628,159.981,4,6eQeEaNOXDtRk2sk3UJGFw,"['5vEZZrTMbKhrd5Mgs37m8p', '22CyfYzF7NMyITy8gKIYT5', '0qMwn0A1NkYRIo8jyOMygH', '1VfoD8dL4kTZm8K591uz3q', '1Vf1H37mPCwbwQXf4NI14R', '0R9SPor6ESTsCVCb3NPhGD']","['j-rap', 'japanese trap']",JET MODE,"DJ CHARI, DJ TATSUKI, ZOT on the WAVE, Tyson, SANTAWORLDVIEW, MonyHorse","DJ CHARI, DJ TATSUKI, ZOT on the WAVE, Tyson, SANTAWORLDVIEW, MonyHorse - JET MODE.mp3"
0.8,0.574,1,-7.707,1,0.0651,0.00502,0.822,0.132,0.342,124.003,4,59EjnzEsU4eTSXoQoQJ8bT,"['6nxYdBHCGZ8bBM7sGhqxSC', '5R3Hr2cnCCjt220Jmt2xLf']","['progressive electro house', 'brostep', 'slap house', 'moombahton', 'edm', 'pop dance', 'electro house']",Gumby,"DJ Hanzel, Dillon Francis","DJ Hanzel, Dillon Francis - Gumby.mp3"
0.912,0.655,8,-6.029,0,0.162,0.315,3.39e-05,0.0894,0.793,91.942,4,0W6I02J9xcqK8MtSeosEXb,['5cj0lLjcoR7YOSnhnX0Po5'],"['pop', 'dance pop']",Get Into It (Yuh),Doja Cat,Doja Cat - Get Into It (Yuh).mp3
0.764,0.705,8,-3.463,1,0.0284,0.259,8.92e-05,0.12,0.781,110.97,4,3DarAbFujv6eYNliUTyqtz,"['5cj0lLjcoR7YOSnhnX0Po5', '7tYKF4w9nC0nq9CsPZTHyP']","['r&b', 'pop', 'dance pop', 'rap']",Kiss Me More,"Doja Cat, SZA",Doja Cat - Kiss Me More (feat. SZA).mp3
0.824,0.764,5,-4.175,0,0.0854,0.0888,0.00294,0.117,0.881,107.998,4,6Uj1ctrBOjOas8xZXGqKk4,['5cj0lLjcoR7YOSnhnX0Po5'],"['pop', 'dance pop']",Woman,Doja Cat,Doja Cat - Woman.mp3
0.643,0.941,8,-5.243,0,0.0377,0.0599,0.756,0.157,0.174,126.01,4,602wo0wA2pEjcZYX7X2uNh,"['205i7E8fNVfojowcQSfK9m', '4qOzMSukiZoiSjPQw8Zs7s', '24DO0PijjITGIEWsO8XaPs']","['house', 'indietronica', 'swiss pop', 'deep groove house', 'electra', 'deep house', 'progressive house', 'australian house', 'aussietronica', 'melodic house']",Strangers (with Mansionair),"Dom Dolla, Mansionair",Dom Dolla - Strangers (with Mansionair).mp3
0.851,0.742,0,-6.126,1,0.0377,0.0259,0.256,0.111,0.236,123.033,4,14fIlfcmFPlj4V2IazeJ25,['205i7E8fNVfojowcQSfK9m'],"['deep groove house', 'house', 'australian house']",Take It,Dom Dolla,Dom Dolla - Take It.mp3
0.847,0.934,9,-5.381,1,0.0442,0.00783,0.492,0.0797,0.862,126.035,4,4vEHTE0TocuaKZqiSq0UIS,['2GVtgxcx7jg5xVCZsIHSGN'],"['house', 'tech house', 'electro house', 'bass house']",Soul Sacrifice,Dombresky,Dombresky - Soul Sacrifice.mp3
0.681,0.58,8,-9.496,1,0.0612,0.319,3.77e-05,0.099,0.368,100.506,4,190fPjBiTtTKbfOSuJOjhv,['6u6AbTVrbabv27DLcSrF8i'],"['alternative r&b', 'modern indie pop']",Stop Calling The Police On Me,Dreamer Isioma,Dreamer Isioma - Stop Calling The Police On Me.mp3
0.717,0.372,11,-12.878,0,0.0278,0.374,0.296,0.117,0.735,90.323,4,2ax9yh9o3eJWbJZbF8tDvj,['6u6AbTVrbabv27DLcSrF8i'],"['alternative r&b', 'modern indie pop']",Valentina,Dreamer Isioma,Dreamer Isioma - Valentina.mp3
0.711,0.416,4,-6.083,1,0.0441,0.705,0.00461,0.0875,0.377,130.332,4,0WQnDBo5oqSnCDag5hSwVw,['59MDSNIYoOY0WRYuodzJPD'],"['vapor twitch', 'future bass']",Wild,Duskus,Duskus - Wild.mp3
0.909,0.651,11,-5.672,0,0.105,0.161,0.0437,0.0923,0.895,124.026,4,6j4j6iRR0Ema531o5Yxr2T,"['31Eea8xaK1xAMyJy2iWE0z', '2izgj6WOKJsuCRCQUKOoVO']","['deep groove house', 'dance pop', 'uk dance']",Memories,"Eden Prince, Nonô","Eden Prince, Nonô - Memories.mp3"
0.366,0.76,7,-6.497,0,0.0626,0.232,0.641,0.0822,0.139,159.972,4,15k0vHvBreGYZAZeuLi0NY,"['0Y0QSi6lz1bPik5Ffjr8sd', '21AUdblPrTRzkvJn8FGrlk']","['canadian electronic', 'brostep', 'vapor twitch', 'future bass', 'edm', 'electro house', 'electronic trap']",Power,"Ekali, NITTI","Ekali, NITTI - Power.mp3"
0.72,0.718,7,-5.285,0,0.0546,0.00195,0.158,0.35,0.33,122.003,4,5BWpRTmIud6QuaKxZI4Ilr,['2nwPBvsuf070C7KYSWoXbD'],[],Summer Of Saigon,Elephant Heart,Elephant Heart - Summer Of Saigon.mp3
0.706,0.468,4,-7.326,1,0.0253,0.13,0.00135,0.102,0.768,105.015,4,3SlzwAZ8BH5xZvfQjpSChY,['6xgvgzXNv3ymcITXTrxRaA'],"['electropop', 'alt z']",@elio.irl,ELIO,ELIO - @elio.irl.mp3
0.79,0.74,1,-6.31,1,0.0538,0.000325,0.255,0.0448,0.474,118.009,4,6eJEvusOC02GMOArociVqe,"['6wKxOKEA3K6R2UZ3COLXEY', '2FwJwEswyIUAljqgjNSHgP']","['la pop', 'electropop', 'indie poptimism', 'uk dance']",Good Day Bad Day - Snakehips Remix,"Elohim, Snakehips",Elohim - Good Day Bad Day - Snakehips Remix.mp3
0.227,0.902,6,-4.797,0,0.325,0.00912,0.2,0.0654,0.0718,176.063,4,0BNYamtbh8ifYgvShfdeMD,"['2c2X6dr1PHctH24BxNOjHi', '0gXx2aQ2mfovDfqCw10MQC']","['brostep', 'vapor twitch', 'wonky', 'glitch hop', 'experimental bass', 'downtempo bass', 'electronic trap']",Daemon Veil,"Eprom, G Jones","Eprom, G Jones - Daemon Veil.mp3"
0.61,0.661,2,-4.892,1,0.0423,0.00281,0.0222,0.123,0.276,119.99,4,1IUZh86P1U3w8i245mhzJi,['3ubv8WIA649ar6dwEH6ATm'],"['livetronica', 'funk rock']",Going Down Slow,Exmag,Exmag - Going Down Slow.mp3
0.634,0.642,11,-6.102,1,0.154,0.0516,0.0,0.285,0.429,97.987,4,6Azp3ArWtIFOitzRKMCfQT,['5oLb41tSEDtY357HGJCIK9'],['japanese dance pop'],Departure,FAKY,FAKY - Departure.mp3
0.73,0.804,9,-3.682,0,0.0645,0.194,0.0,0.344,0.441,130.094,4,32xcUwMaqqfyrKxZmTvUD2,['5oLb41tSEDtY357HGJCIK9'],['japanese dance pop'],little more,FAKY,FAKY - little more.mp3
0.87,0.87,0,-5.652,1,0.158,0.00341,0.285,0.351,0.776,122.001,4,1z781vLuCqFGa3ba6pUGxQ,['5FWi1mowu6uiU2ZHwr1rby'],"['brostep', 'edm', 'complextro', 'filthstep', 'electro house']",Frank Frazetta,Feed Me,Feed Me - Frank Frazetta.mp3
0.783,0.592,11,-8.332,0,0.0331,0.435,4.15e-06,0.347,0.726,120.018,4,739WUU1tPFLO4x4HJq561K,['4GJ6xDCF5jaUqD6avOuQT6'],['k-pop girl group'],Cupid - Twin Ver.,FIFTY FIFTY,FIFTY FIFTY - Cupid - Twin Ver..mp3
0.729,0.965,2,-5.711,1,0.0624,0.00176,0.66,0.0973,0.744,125.021,4,2KXwJZv1pRQFQ95Kj60jBN,['1VJ0briNOlXRtJUAzoUJdt'],"['house', 'australian house']",Losing It - Radio Edit,FISHER,FISHER - Losing It - Radio Edit.mp3
0.859,0.824,8,-7.207,1,0.0512,0.0242,0.66,0.205,0.882,124.015,4,627JZ3dVd88Xc5IoHOeNT5,['1VJ0briNOlXRtJUAzoUJdt'],"['house', 'australian house']",Stop It,FISHER,FISHER - Stop It.mp3
0.729,0.633,6,-5.202,1,0.0394,0.262,1.2e-05,0.078,0.279,115.93,4,06gtPF7fljlItis2PohQP0,"['6nxWCVXbOlEVRexSbLsTer', '0ROrzjhRCZbJil5PjS9yG9']","['indietronica', 'edm', 'downtempo', 'australian indie', 'australian dance', 'australian electropop']",Rhinestone 1.7.2 [2018 Export Wav] feat. Isabella Manfredi,"Flume, Isabella Manfredi",Flume - Rhinestone 1.7.2 [2018 Export Wav] feat. Isabella Manfredi.mp3
0.803,0.858,10,-4.019,1,0.0538,0.0111,0.096,0.0766,0.862,121.989,4,5SB73InpxuEQ20qEWhOQFV,['5Am25tT39BPzreHngMkuux'],"['german techno', 'german tech house', 'minimal techno']",Chunky,Format:B,Format-B - Chunky.mp3
0.76,0.669,5,-9.105,0,0.285,0.0757,0.0215,0.77,0.215,112.023,4,6Ao5d7TMQ92h87jQqSHGyw,['4oLeXFyACqeem2VImYeBFe'],"['house', 'edm', 'stutter house']",Kyle (i found you),Fred again..,Fred again.. - Kyle (i found you).mp3
0.731,0.189,2,-15.471,1,0.0515,0.942,0.000106,0.357,0.527,81.905,4,35RU9s9Oytg6N8k0xxtKtG,"['74ldwS36YOZpiNSBf2XYBs', '0y2buXFUJCd2dnhkVCkRDg']",[],生きていくだけで,"FUKUSHIGE MARI, Ruri",FUKUSHIGE MARI - 生きていくだけで (feat. Ruri).mp3
0.5,0.815,1,-5.051,1,0.127,0.0958,0.0389,0.0877,0.135,160.018,4,7G0Yar2BaHpKW4GrD9SOXS,['0gXx2aQ2mfovDfqCw10MQC'],"['glitch hop', 'brostep', 'vapor twitch', 'electronic trap']",Understanding the Possibility,G Jones,G Jones - Understanding the Possibility.mp3
0.655,0.886,1,-5.496,1,0.237,0.0827,0.308,0.0996,0.642,123.452,4,6xlhKKbbx7pHW6F1oXW2bf,['0gXx2aQ2mfovDfqCw10MQC'],"['glitch hop', 'brostep', 'vapor twitch', 'electronic trap']",Which Way,G Jones,G Jones - Which Way.mp3
0.762,0.797,5,-2.71,1,0.135,0.117,0.0,0.202,0.525,122.066,4,5kgqTe1BM720OjU78TGYDw,"['4sTQVOfp9vEMCemLw50sbu', '6mPZJXtFVaakznkRxdgWtC']","['pop dance', 'edm', 'dance pop', 'pop']",Tell Me You Love Me,"Galantis, Throttle","Galantis, Throttle - Tell Me You Love Me.mp3"
0.569,0.791,6,-6.757,1,0.0355,0.143,0.655,0.109,0.298,139.78,4,2QbTsEUF97LixvDbyKUdCj,"['4kubsO16bEfCADaVUyoYb6', '7MoIc5s9KXolCBH1fy9kkw', '4AGwPDdh1y8hochNzHy5HC']","['nu disco', 'indie rock', 'indietronica', 'shimmer pop', 'metropopolis', 'vapor twitch', 'future bass', 'eugene indie', 'indie pop', 'art pop', 'philly indie', 'chillwave']",Maybes,"Giraffage, Japanese Breakfast","Giraffage, Japanese Breakfast - Maybes.mp3"
0.61,0.622,11,-8.05,0,0.0985,0.524,0.0104,0.354,0.467,135.835,4,10hFslvFmtAfmEUhcCHyE3,"['6M7RdR9ZP52h2mfNLmiHtU', '2Ju0kEPJxYUo0XM2PNUGeL']","['dutch house', 'dominican indie', 'brostep', 'edm', 'pop dance', 'electro house', 'electronic trap']",True Romance,"Good Times Ahead, Jarina De Marco, Chris Lake",Good Times Ahead - True Romance (feat. Jarina De Marco) - Chris Lake Remix.mp3
0.244,0.721,1,-4.715,1,0.0354,0.0272,0.0,0.145,0.114,98.825,4,4H1FdAyWZBNzwcHFQYeGy6,"['2Hchwjfl1DioXcIwbOJkus', '229NvsczXKwdH0DkPg4uwT']",['future bass'],Wishes,"Grant, McCall","Grant, McCall - Wishes.mp3"
0.547,0.96,11,-1.257,0,0.367,0.0268,0.0228,0.874,0.476,149.971,4,7xa7Rlg9vLEyncnxAfcoRU,['25oLRSUjJk4YHNUsQXk7Ut'],"['glitch hop', 'jazztronica', 'livetronica', 'jamtronica']",Laser Fire,GRiZ,GRiZ - Laser Fire.mp3
0.618,0.956,4,-3.062,0,0.0435,0.0205,0.33,0.219,0.772,100.02,4,0qNGrApRFbmdoD7t436U44,['25oLRSUjJk4YHNUsQXk7Ut'],"['glitch hop', 'jazztronica', 'livetronica', 'jamtronica']",Your Light,GRiZ,GRiZ - Your Light.mp3
0.69,0.809,1,-3.21,1,0.216,0.00766,0.422,0.187,0.369,126.02,4,7Llqq3e3Hf4ICVJNBi2muE,['1YYJxpOXYk1z1WtqdeLMkn'],"['bass house', 'dubstep', 'gaming dubstep', 'complextro', 'filthstep', 'electro house', 'electronic trap']",Infinite,Habstrakt,Habstrakt - Infinite.mp3
0.842,0.904,9,-3.791,0,0.21,0.0454,0.0751,0.107,0.479,127.992,4,2M6q0h0VkO82wjSADnE3i9,"['1YYJxpOXYk1z1WtqdeLMkn', '67dClEyrx8SQ6gqe7r8PR4']","['bass house', 'dubstep', 'gaming dubstep', 'complextro', 'filthstep', 'electro house', 'electronic trap']",I Wanna,"Habstrakt, Jace Mek","Habstrakt, Jace Mek - I Wanna.mp3"
0.824,0.869,2,-4.793,1,0.0589,0.012,0.815,0.0991,0.368,129.0,4,3oQqVMMXp8oWftP8k524JS,"['1YYJxpOXYk1z1WtqdeLMkn', '2sfSQ1BOzaFQa3LZj6OGwD', '46z8E62fwg6cqxCLNB1FrI']","['tech house', 'bassline', 'bass house', 'vapor twitch', 'dubstep', 'gaming dubstep', 'complextro', 'filthstep', 'electro house', 'electronic trap']",Movie - SQWAD Remix,"Habstrakt, josh pan, SQWAD","Habstrakt, josh pan - Movie - SQWAD Remix.mp3"
0.544,0.285,4,-6.049,1,0.0289,0.917,0.00024,0.0977,0.126,78.973,4,3rJlE3EHSZcjOVI5fJZpgR,['5wVJpXzuKV6Xj7Yhsf2uYx'],['k-indie'],MIRROR,HANRORO,HANRORO - MIRROR.mp3
0.731,0.647,0,-5.527,1,0.0486,0.0284,0.0191,0.0937,0.598,114.972,4,4WYmqQ1SBd43qmJU9k4b7n,"['7aUSp5cOZlwEtd5zPC795k', '00CYRdkMnA0mwfy1VQPA7X']","['canadian electronic', 'complextro', 'vapor twitch', 'future bass']",Tell Me - Ellis Remix,"Haywyre, ellis",Haywyre - Tell Me - Ellis Remix.mp3
0.527,0.983,11,-1.398,1,0.252,0.00272,0.564,0.192,0.339,128.225,4,5RRpWmpLVnZPukWYaedmsa,['43tAs3kRWvyu1B7eZOv2pp'],"['brostep', 'electronic trap', 'dubstep']",Move Mint - VIP,Herobust,Herobust - Move Mint - VIP.mp3
0.84,0.972,10,0.537,1,0.41,0.00316,0.00285,0.462,0.411,127.967,4,6WSbkV1MLI8jN7Tk85L0uC,['43tAs3kRWvyu1B7eZOv2pp'],"['brostep', 'electronic trap', 'dubstep']",WTF VIP - Herobust VIP Mix,Herobust,Herobust - WTF VIP - Herobust VIP Mix.mp3
0.623,0.864,9,-4.766,1,0.0631,0.157,2.21e-05,0.0551,0.685,165.968,4,3lHduAzkZfhCIBORbcyc98,['7lbSsjYACZHn1MSDXPxNF2'],"['j-pop', 'japanese singer-songwriter', 'classic j-pop', 'anime']",Give Me A Reason,Hikaru Utada,Hikaru Utada - Give Me A Reason.mp3
0.746,0.694,6,-7.639,1,0.0555,0.112,2.56e-06,0.119,0.577,93.992,4,5ry0F78a9G1SVPantWhZpK,['7lbSsjYACZHn1MSDXPxNF2'],"['j-pop', 'japanese singer-songwriter', 'classic j-pop', 'anime']",time will tell,Hikaru Utada,Hikaru Utada - time will tell.mp3
0.285,0.782,7,-6.243,0,0.126,0.0189,0.0233,0.0994,0.0793,149.951,3,501czsZhsXGZKJXB6Qxq1t,['18Eu7uJEMPWwwt1QUdCglQ'],[],Angst,INZO,INZO - Angst.mp3
0.72,0.743,2,-7.861,1,0.0816,0.00555,0.562,0.433,0.176,125.027,4,2ez05kaHbFLyu70MMSNQpA,['18Eu7uJEMPWwwt1QUdCglQ'],[],Bass In Yo Face,INZO,INZO - Bass In Yo Face.mp3
0.431,0.674,2,-4.725,1,0.346,0.0884,0.000805,0.106,0.168,207.147,4,2KFy8Mmkp1OvzXst0QxLyh,"['18Eu7uJEMPWwwt1QUdCglQ', '3ekno9ZGX4ccxPQbAbMfeR', '2twGthIPnZl1icD7K2jXx3']",[],Let It Slide,"INZO, Blookah, Leo Napier","INZO, Blookah, Leo Napier - Let It Slide.mp3"
0.838,0.634,11,-7.018,1,0.258,0.101,0.13,0.143,0.526,163.0,4,0VYchQkqpeEyh95D1pWqy2,"['6aaMZ3fcfLv4tEbmY7bjRM', '4E2rKHVDssGJm2SCDOMMJB', '2TYRz7cFNZNPLUWRijsJNL']","['tennessee hip hop', 'alternative r&b', 'hip hop', 'rap', 'underground hip hop']",Wat U Sed,"Isaiah Rashad, Doechii, Kal Banx",Isaiah Rashad - Wat U Sed (feat. Doechii & Kal Banx).mp3
0.848,0.708,1,-4.811,0,0.0599,0.483,0.00582,0.163,0.835,110.031,4,72jA4yrxxWkefvFUujVaN7,['0dUYLC7DLjeS8gIh8cz2Pq'],['alternative r&b'],Rendezvous,Jenevieve,Jenevieve - Rendezvous.mp3
0.931,0.238,5,-14.039,0,0.426,0.0439,0.0735,0.0975,0.434,114.963,4,1GOEgRr0Mm0mDjGisgnC6y,['2tW7TitNzNibILuWCEhBLS'],"['vapor twitch', 'future bass']",Jam,JNTHN STEIN,JNTHN STEIN - Jam.mp3
0.771,0.59,2,-8.038,1,0.0289,0.625,0.492,0.143,0.865,110.006,4,6cOGSlZKf1nJMiNs13qZnq,['1AbLfK2cwcwDcmiqyHQVF8'],[],HONEYMOON,Jo Hill,Jo Hill - HONEYMOON.mp3
0.704,0.523,1,-10.533,1,0.034,0.226,3.18e-05,0.142,0.917,128.016,4,6IM6my88zQCsfcibBqKl2L,"['2izgD6xMmNboivbb1A6PHE', '2Y65mGq91IEC2tfXNotVQ2']",[],Come and Go,"jomm, readyaimfire27","jomm, readyaimfire27 - Come and Go.mp3"
0.781,0.663,1,-4.435,0,0.0664,0.0506,0.0011,0.0693,0.653,125.947,4,0uoAGXa0d4KrOtNHmFdFnb,"['1qq5e02CcWNFqZMbmdrIcj', '1DNFG0VEHD2Vk5ESUEPuOM']","['pop edm', 'dutch house']",I Don't Speak French (Adieu),"Jonas Aden, RebMoe","Jonas Aden, RebMoe - I Don't Speak French (Adieu).mp3"
0.767,0.672,6,-5.88,1,0.0453,0.506,0.000119,0.0501,0.924,127.996,4,5rHg6ZHa58QpapXBFCpbRp,['1bkxOwOWP9R4SzB6poMhtQ'],['uk pop'],jealous in my dreams,Josie Man,Josie Man - jealous in my dreams.mp3
0.675,0.993,0,-1.887,0,0.106,0.00241,0.594,0.158,0.103,136.012,4,4kHBHWImDEER3i2iV7zyrJ,['24neLwyYRyj4ItaGnFeIT0'],"['bass house', 'brostep', 'edm', 'electro house', 'electronic trap']",4AM,JOYRYDE,JOYRYDE - 4AM.mp3
0.689,0.351,4,-8.691,0,0.0632,0.32,0.864,0.348,0.162,75.006,4,2MsgPJQZMfAoDyXAfqqPZs,['55FVjkpZs1zuo3zqBgrKtC'],"['melodic dubstep', 'future bass']",I Feel It,Kaivon,Kaivon - I Feel It.mp3
0.814,0.619,5,-5.488,0,0.0377,0.0043,3.38e-05,0.241,0.831,118.001,4,6rSYU9zEUCwbW1PN8LgPfZ,['6TQj5BFPooTa08A7pk8AQ1'],"['progressive electro house', 'vocal house', 'progressive house', 'edm', 'pop dance', 'electro house']",Hot Wheels,Kaskade,Kaskade - Hot Wheels.mp3
0.728,0.971,1,-4.232,1,0.1,0.0029,0.869,0.0633,0.192,127.994,4,1os37uqIfusxMNX15CWE0p,"['6TQj5BFPooTa08A7pk8AQ1', '72rZmJbRFSY6IFJAysfOdr']","['progressive electro house', 'brass band', 'brass band pop', 'vocal house', 'progressive house', 'edm', 'pop dance', 'electro house']",Jorts FTW,"Kaskade, Too Many Zooz","Kaskade, Too Many Zooz - Jorts FTW.mp3"
0.63,0.408,6,-8.968,0,0.0377,0.206,0.0,0.0908,0.244,119.007,4,2sL4GhaC3lSbQYLWxAJIj5,['2nDC4PH8XE1gHeeAxVLXRO'],['korean r&b'],Faux,KATIE,KATIE - Faux.mp3
0.527,0.756,3,-2.919,1,0.0578,0.0799,0.0,0.31,0.457,124.118,4,1VviocEvd6zv4xudscXgcj,"['714O3xvBNiclo82vxBn8Bf', '3eOyGULyH8dDoCBQMuLYZC', '4ojIlQlez4Z7L3jTiasTVr']","['japanese edm', 'brostep', 'kawaii edm', 'future bass', 'vapor twitch', 'kawaii future bass', 'electro house']",IN YOUR EYES 「瞳の中で」,"k?d, KOTONOHOUSE, RANASOL","kd, KOTONOHOUSE, RANASOL - IN YOUR EYES 「瞳の中で」.mp3"
0.394,0.282,8,-9.873,1,0.0367,0.928,0.0,0.342,0.296,118.317,4,3r9eGg4SVPbhtiPTA9UkmK,['3pc0bOVB5whxmD50W79wwO'],['chill r&b'],us,keshi,keshi - us.mp3
0.871,0.632,8,-5.888,0,0.331,0.312,0.0,0.256,0.759,83.084,4,19QvAYMXYN4iQMlzer1JEC,"['08c5z2rVpcPu7QylOxQCFA', '3VQDqjQ4wJyw8PzpGdlZpB']","['k-rap', 'korean r&b']",BASS,"Khakii, Colde","Khakii, Colde - BASS.mp3"
0.714,0.605,8,-7.386,0,0.0826,0.223,0.0826,0.116,0.24,119.989,4,3Yx048KQgtu6XfX1ERHVsg,"['6BNaPZdAIZAJnbgJRiZz2w', '5CPsScBTPYY11Lv4Eb7k4t', '1kwGj7uDO5WXVXtQLvGJr0']","['chillstep', 'swedish pop', 'vapor twitch', 'future bass', 'complextro', 'melodic dubstep', 'filthstep', 'aussietronica', 'electro house', 'electronic trap']",Red Lights,"Kill Paris, Dotter, Just A Gent",Kill Paris - Red Lights (feat. Dotter) [Just A Gent Remix].mp3
0.901,0.933,0,-6.682,1,0.329,0.12,0.018,0.367,0.731,132.074,4,4Yle7wcY0QlX7ffxKZD14v,"['6Ms0X2j7OXWcNsqEx0BjjQ', '7hJcb9fa4alzcOq3EaNPoG', '3g0DbKEHTFujAco7WbHtc3', '3ICyfoySNDZqtBVmaBT84I', '2JQBQCsZW4fQ8gKnXfJfux']","['hip hop', 'rap', 'soul', 'classic soul', 'p funk', 'motown', 'funk', 'g funk', 'pop rap', 'gangster rap', 'west coast rap']",Low Rider (2livemafia Remix),"Klypso, Snoop Dogg, Doggface, War, 2livemafia","Klypso, Snoop Dogg, Doggface, War - Low Rider (2livemafia Remix).mp3"
0.762,0.869,11,-5.203,0,0.106,7.29e-05,0.00899,0.337,0.485,125.978,4,37QX8KdezCW8kMqe7z5CdT,"['6mmSS7itNWKbapgG2eZbIg', '3534yWWzmxx8NbKVoNolsK']","['progressive electro house', 'house', 'bassline', 'edm', 'complextro', 'electro house']",REWiND - Wolfgang Gartner Remix,"Knock2, Wolfgang Gartner",Knock2 - REWiND - Wolfgang Gartner Remix.mp3
0.753,0.482,2,-6.516,1,0.0503,0.0263,0.000444,0.123,0.647,140.012,4,42HvLjlvDP59aAKW75Xjhj,"['6Vw4k1mznvSYROrxQuTX93', '10l2uZyQxhUqUeEtjg7M5M']",[],Looking Pretty,"Kyoto Black, TetraTara","Kyoto Black, TetraTara - Looking Pretty.mp3"
0.693,0.619,11,-7.824,0,0.0462,0.385,0.136,0.224,0.45,114.926,4,6r7B52U7LeAfH3AXcSC8C7,['3vkcJL0rXaCK63ef9gMzbf'],"['taiwan pop', 'chinese r&b']",Real World,L8ching,L8ching - Real World.mp3
0.635,0.867,6,-3.735,0,0.0724,0.115,0.0053,0.199,0.497,159.939,4,3fknljyD8JwCQgxLfxfC06,['4R6u30PMOLbNNTuR0Jl7x8'],['downtempo bass'],Space Dog,Laika Beats,Laika Beats - Space Dog.mp3
0.566,0.787,9,-9.22,0,0.0296,0.00278,0.266,0.0757,0.202,123.043,4,7nCAu238QaP94r6IAENLNP,"['27gtK7m9vYwCyJ04zz0kIb', '7KplcRAeeymaXY0iqrrbjo', '1Zz6NBe8UIZjm88TvehFtx']","['nu disco', 'gauze pop', 'house', 'uk dance', 'progressive house', 'melodic house']",I'll Wait - Le Youth Remix,"Lane 8, Channy Leaneagh, Le Youth","Lane 8, Channy Leaneagh - I'll Wait - Le Youth Remix.mp3"
0.599,0.671,1,-9.197,1,0.0268,0.227,0.0957,0.116,0.42,125.005,4,3UeJTkUgt1iZHTUWHoMskr,['1Zz6NBe8UIZjm88TvehFtx'],"['house', 'uk dance', 'nu disco', 'melodic house']",Chills,Le Youth,Le Youth - Chills.mp3
0.824,0.676,7,-4.725,1,0.067,0.186,0.0,0.0714,0.809,103.994,4,6ye2BBTpOipvPNjSPxgmRC,['7cVZApDoQZpS447nHTsNqu'],['k-pop'],Bye,LeeHi,LeeHi - Bye.mp3
0.532,0.669,9,-5.901,0,0.0286,0.0118,2.07e-06,0.33,0.62,109.016,4,14EHn9J4qRDoGCdT0AWNkg,['4CTKqs11Zgsv8EZTVzx764'],['norwegian pop'],Reflection,Lemaitre,Lemaitre - Reflection.mp3
0.947,0.475,0,-5.911,1,0.36,0.0413,4.77e-06,0.226,0.711,117.974,4,0QgGXsIAWZYjfgw2g1Vjrs,"['4CTKqs11Zgsv8EZTVzx764', '1DNFG0VEHD2Vk5ESUEPuOM']",['norwegian pop'],Ok Computer,"Lemaitre, RebMoe","Lemaitre, RebMoe - Ok Computer.mp3"
0.339,0.454,6,-6.514,1,0.0553,0.151,5.16e-05,0.0988,0.375,183.697,4,7zwMG3y7gdmZ1imPURe5gQ,"['4CTKqs11Zgsv8EZTVzx764', '6pGgP4CDlYMumihpD3CAwm']",['norwegian pop'],Trip Sitter,"Lemaitre, Sofiloud","Lemaitre, Sofiloud - Trip Sitter.mp3"
0.653,0.862,5,-5.873,1,0.0617,0.544,0.0189,0.0902,0.619,125.92,4,6ZQcgx39eDbhemgbbNepNU,['6fs2or0cKLEM2xohWq8SoX'],['chinese electropop'],i wanna tell u,Lexie Liu,Lexie Liu - i wanna tell u.mp3
0.608,0.899,3,-5.642,0,0.0576,0.0323,0.0108,0.114,0.649,116.04,4,79SSuZfbcojuqIMowimxe4,['6fs2or0cKLEM2xohWq8SoX'],['chinese electropop'],SHADOW,Lexie Liu,Lexie Liu - SHADOW.mp3
0.753,0.721,0,-6.197,0,0.0375,0.163,6.29e-06,0.199,0.385,119.997,4,1BArNw5s6pzhaoqrPM8ccF,['6fs2or0cKLEM2xohWq8SoX'],['chinese electropop'],了 L,Lexie Liu,Lexie Liu - 了 L.mp3
0.694,0.81,7,-6.033,1,0.0341,0.251,0.0046,0.242,0.532,117.999,4,4JUD1cL0uwd4lJKI9jCgso,['6fs2or0cKLEM2xohWq8SoX'],['chinese electropop'],香芋的错觉 CAROUSEL,Lexie Liu,Lexie Liu - 香芋的错觉 CAROUSEL.mp3
0.714,0.681,0,-8.562,0,0.0418,0.00198,0.633,0.171,0.279,121.016,4,4TXxU7yaNV20ZLWCZh1UlS,"['4VA3EAvncrTucjTmrvd4GE', '1oZePJcmTIJnWnudNVBVQ7']","['deep groove house', 'house', 'alternative r&b', 'indie soul']",Wonder Woman - NVOY Remix,"LION BABE, NVOY",LION BABE - Wonder Woman - NVOY Remix.mp3
0.729,0.995,1,-1.726,1,0.173,0.00513,0.537,0.116,0.449,110.005,4,7EgeNfYtHXuvJstSsvhOYl,['29DWvZyWy1yvU8jpIePBYi'],"['electro house', 'bass house']",Break It Down - Original Mix,Loge21,Loge21 - Break It Down - Original Mix.mp3
0.768,0.643,8,-6.029,1,0.31,0.00638,0.15,0.101,0.152,123.844,4,2GnA00tHtT8aUT2wyVdIde,['29DWvZyWy1yvU8jpIePBYi'],"['electro house', 'bass house']",Drop That,Loge21,Loge21 - Drop That.mp3
0.728,0.633,7,-6.311,0,0.156,0.0454,0.0969,0.0687,0.347,122.119,4,257NQrGLUswkOoSBcMVAL2,['29DWvZyWy1yvU8jpIePBYi'],"['electro house', 'bass house']",Ghetto Symphony,Loge21,Loge21 - Ghetto Symphony.mp3
0.742,0.936,9,-3.924,1,0.191,0.0425,0.0701,0.0854,0.493,127.973,4,4yvyruS0EHaTYzrWMg7zey,['29DWvZyWy1yvU8jpIePBYi'],"['electro house', 'bass house']",New Life,Loge21,Loge21 - New Life.mp3
0.731,0.567,11,-7.926,0,0.0359,0.0272,0.949,0.101,0.346,144.014,4,1HYA9qwrAX5fcofifHZwAm,"['3B4U99cPW8HihTM6ld3jVX', '4EmkjZuqatnvAygxt3a3tC']","['experimental bass', 'nz electronic']",It Made Me Fearless - ASHEZ Remix,"L*o*J, Ashez",LoJ - It Made Me Fearless - ASHEZ Remix.mp3
0.621,0.87,8,-3.52,1,0.118,0.0043,0.059,0.25,0.2,92.032,4,1o9NMRYTCRMp7bpFtulFU3,"['3Hrqjumb6WHg2aAUHJHLND', '18Eu7uJEMPWwwt1QUdCglQ']",[],BLASTA,"LSDREAM, INZO","LSDREAM, INZO - BLASTA.mp3"
0.4,0.958,10,-3.113,1,0.561,0.00825,0.000368,0.513,0.171,126.068,4,4xMVwjxseIPHvNJoGc7ywO,"['3Hrqjumb6WHg2aAUHJHLND', '2vdEGASQQlLcmOqlQhYWlN', '5LxbXRVEMOw6i1WSa2YQn1']",['experimental bass'],R.A.V.E - Zingara Remix,"LSDREAM, Shlump, Zingara","LSDREAM, Shlump - R.A.V.E - Zingara Remix.mp3"
0.679,0.96,9,-2.485,1,0.0506,0.00323,0.0369,0.288,0.201,96.002,4,1gGyEzjrxSRZ4VtDwxmG1M,"['3Hrqjumb6WHg2aAUHJHLND', '2vdEGASQQlLcmOqlQhYWlN', '11S3x86ILlsuCBil6EmDo2']",['experimental bass'],STARCHILD,"LSDREAM, Shlump, Sarah Hudson","LSDREAM, Shlump, Sarah Hudson - STARCHILD.mp3"
0.495,0.968,7,-2.749,1,0.0718,0.013,0.561,0.424,0.274,94.97,4,1M2GXwELt6Jlvr7hs3r3HK,['5oAjLXTvB7VDWn3Up9LYcQ'],"['vapor twitch', 'electronic trap']",Vermilion,Luca Lush,Luca Lush - Vermilion.mp3
0.457,0.723,5,-3.595,1,0.0518,0.0815,7.31e-05,0.797,0.278,106.017,4,7vkPu9wwdUpB6dPmWBNcPv,['4pb4rqWSoGUgxm63xmJ8xc'],"['nantes indie', 'electropop', 'edm', 'complextro', 'filter house', 'pop dance', 'electro house']",Beings,Madeon,Madeon - Beings.mp3
0.511,0.718,11,-7.46,1,0.0367,0.00454,9.61e-05,0.0913,0.274,106.016,4,5wM6LOw2U6XeIFHfsgI6wU,['4pb4rqWSoGUgxm63xmJ8xc'],"['nantes indie', 'electropop', 'edm', 'complextro', 'filter house', 'pop dance', 'electro house']",Love You Back,Madeon,Madeon - Love You Back.mp3
0.783,0.792,3,-4.952,0,0.0322,0.639,0.00574,0.148,0.688,119.96,4,1Ywe0Udb58KuJU4u0nqxU4,['48Qmm3KEWtgPvLdy9cddPc'],"['bedroom soul', 'sacramento indie']",8:00,Madi Sipes & The Painted Blue,Madi Sipes & The Painted Blue - 8-00.mp3
0.867,0.82,11,-3.655,1,0.0842,0.00843,0.00095,0.0856,0.23,124.017,4,6HpXwNzOm3rW4ox4alBn34,"['2EwyKG76iX4Pp5HhAD6SKO', '6PDLwWvgYNMfBRLqC1h5cJ', '7zm3aSdmGiOkTt0aZFSO8R']","['indie r&b', 'canadian hip hop', 'tech house', 'alternative r&b', 'bass house', 'cali rap', 'electro house']",Teen Scene (ft. Buddy) - Wax Motif Remix,"Maeta, Buddy, Wax Motif",Maeta - Teen Scene (ft. Buddy) - Wax Motif Remix.mp3
0.726,0.53,4,-5.736,0,0.0518,0.000716,0.00211,0.0502,0.374,99.024,4,0LJTfmgOMvlLd0u4HU9twm,['1oPRcJUkloHaRLYx0olBLJ'],['la pop'],Killshot,Magdalena Bay,Magdalena Bay - Killshot.mp3
0.763,0.614,2,-8.169,0,0.0862,0.0747,0.00152,0.221,0.738,94.989,4,6NHTCTVhJVHCiozax9Uwjy,['1oPRcJUkloHaRLYx0olBLJ'],['la pop'],U Wanna Dance?,Magdalena Bay,Magdalena Bay - U Wanna Dance.mp3
0.77,0.673,10,-7.137,0,0.0468,0.000658,0.551,0.0312,0.194,126.002,4,1UOrERShvgjfbdvbZ0OCbW,['7w1eTNePApzDk8XtgykCPS'],"['house', 'bass house', 'brostep', 'edm', 'electro house', 'electronic trap']",Bling Bling (2020 Remix),Malaa,Malaa - Bling Bling (2020 Remix).mp3
0.754,0.786,10,-5.467,0,0.0741,0.138,0.0157,0.0776,0.546,128.001,4,7hJNoMzNTNgOh8TGFMubiq,"['7w1eTNePApzDk8XtgykCPS', '2oZ9We4LkpN7I062fHkci3']","['house', 'bass house', 'brostep', 'edm', 'musica sammarinese', 'electro house', 'electronic trap']",Bling Bling (Delayers Remix),"Malaa, Delayers",Malaa - Bling Bling (Delayers Remix).mp3
0.77,0.673,10,-7.137,0,0.0468,0.000658,0.551,0.0312,0.194,126.002,4,1UOrERShvgjfbdvbZ0OCbW,['7w1eTNePApzDk8XtgykCPS'],"['house', 'bass house', 'brostep', 'edm', 'electro house', 'electronic trap']",Bling Bling,Malaa,Malaa - Bling Bling.mp3
0.87,0.872,6,-2.245,1,0.0543,0.0455,0.763,0.0662,0.266,123.993,4,5oyfcSL66oAb1kuIopEPyB,"['7w1eTNePApzDk8XtgykCPS', '2GVtgxcx7jg5xVCZsIHSGN']","['house', 'tech house', 'bass house', 'brostep', 'edm', 'electro house', 'electronic trap']",Hostyl,"Malaa, Dombresky","Malaa, Dombresky - Hostyl.mp3"
0.66,0.689,4,-2.671,0,0.0337,0.0884,0.0,0.0922,0.427,127.98,4,4sOX1nhpKwFWPvoMMExi3q,['6CwfuxIqcltXDGjfZsMd9A'],"['uk alternative pop', 'metropopolis', 'pop', 'pov: indie']",Primadonna,MARINA,MARINA - Primadonna.mp3
0.808,0.994,11,-3.93,1,0.306,0.0274,0.817,0.34,0.194,123.98,4,43uAAecpFKIzngplASa9nb,['0EdUwJSqkMmsH6Agg3G8Ls'],"['tech house', 'bass house']",Anøther Dimensiøn,Marten Hørger,Marten Hørger - Anøther Dimensiøn.mp3
0.754,0.857,1,-5.111,1,0.0519,0.122,0.864,0.115,0.612,125.012,4,1mupRsmKjV3dJfh92SVoP4,['0EdUwJSqkMmsH6Agg3G8Ls'],"['tech house', 'bass house']",GONNA BE ME,Marten Hørger,Marten Hørger - GONNA BE ME.mp3
0.757,0.981,1,-5.306,1,0.0601,0.00171,0.891,0.0736,0.295,125.029,4,0ufeCauchfjHvwhCz0XiQL,['0EdUwJSqkMmsH6Agg3G8Ls'],"['tech house', 'bass house']",I Am Ready,Marten Hørger,Marten Hørger - I Am Ready.mp3
0.86,0.943,1,-4.0,1,0.158,0.0205,0.08,0.271,0.362,122.974,4,2PXOgHe4g6AerUqVi0UlOq,['0EdUwJSqkMmsH6Agg3G8Ls'],"['tech house', 'bass house']",Jungle,Marten Hørger,Marten Hørger - Jungle.mp3
0.84,0.729,5,-4.954,1,0.0882,0.027,0.00224,0.165,0.432,123.981,4,0jJr6tAAPS7Ytkb6d6Hcld,"['0EdUwJSqkMmsH6Agg3G8Ls', '1CNO980Lk9CaBWBnM1MZXi']","['canadian electronic', 'tech house', 'bass house']",Heavy,"Marten Hørger, Neon Steve","Marten Hørger, Neon Steve - Heavy.mp3"
0.913,0.787,11,-4.584,1,0.284,0.0681,0.339,0.0492,0.151,122.995,4,0M2b3w9y8lsKqm4r8cq3Sw,"['0EdUwJSqkMmsH6Agg3G8Ls', '1CNO980Lk9CaBWBnM1MZXi']","['canadian electronic', 'tech house', 'bass house']",You Don't,"Marten Hørger, Neon Steve","Marten Hørger, Neon Steve - You Don't.mp3"
0.746,0.671,6,-5.806,1,0.0553,0.0767,0.000628,0.111,0.121,123.973,4,096OiyB1UlqE5w610zQ6DP,['2n7USVO8fO8FF8zq4kG2N1'],"['edm', 'complextro', 'electro house', 'progressive house']",Deep Inside - Extended,Mat Zo,Mat Zo - Deep Inside - Extended.mp3
0.756,0.798,8,-2.336,1,0.174,0.0076,0.0585,0.0726,0.366,86.968,4,6s3j7xAGKIPUJjilp55KpB,['2n7USVO8fO8FF8zq4kG2N1'],"['edm', 'complextro', 'electro house', 'progressive house']",Motivate,Mat Zo,Mat Zo - Motivate.mp3
0.839,0.9,8,-5.036,1,0.0802,0.0276,0.771,0.0734,0.569,125.012,4,4rRZPw9GzIhr8bVOAlmJK8,"['45lcbTsX07JWzmTIjcdyBz', '1XwL3qdo0jPmliKRgxY5TL']","['tech house', 'bmore', 'electro house', 'bass house']",Bang,"Matroda, Dances With White Girls, ANGELZ",Matroda - Bang (feat. Dances With White Girls) - ANGELZ Remix.mp3
0.839,0.9,8,-5.036,1,0.0802,0.0276,0.771,0.0734,0.569,125.012,4,4rRZPw9GzIhr8bVOAlmJK8,"['45lcbTsX07JWzmTIjcdyBz', '1XwL3qdo0jPmliKRgxY5TL']","['tech house', 'bmore', 'electro house', 'bass house']",Bang,"Matroda, Dances With White Girls",Matroda - Bang (feat. Dances With White Girls).mp3
0.803,0.923,1,-3.902,1,0.107,0.00687,0.299,0.205,0.244,125.006,4,5k9NpJTGw4zl0lTjZooBh9,['45lcbTsX07JWzmTIjcdyBz'],"['tech house', 'electro house', 'bass house']",Boom Bap,Matroda,Matroda - Boom Bap.mp3
0.834,0.99,11,-4.16,0,0.0533,0.136,0.795,0.0677,0.657,124.068,4,22mxzVWtNePL4TDX5KPIyi,['45lcbTsX07JWzmTIjcdyBz'],"['tech house', 'electro house', 'bass house']",D.A.N.C.I.N.G,Matroda,Matroda - D.A.N.C.I.N.G.mp3
0.8,0.902,1,-3.518,0,0.0648,0.00377,0.265,0.123,0.23,124.002,4,5kHrTMIFqmZkuCkovsxRUs,['45lcbTsX07JWzmTIjcdyBz'],"['tech house', 'electro house', 'bass house']",Deep Inside 2020,Matroda,Matroda - Deep Inside 2020.mp3
0.82,0.847,11,-4.876,0,0.133,0.0619,0.625,0.0843,0.531,124.058,4,0TFnawWEkaYsiaTD8q2u7c,['45lcbTsX07JWzmTIjcdyBz'],"['tech house', 'electro house', 'bass house']",Do You Remember House?,Matroda,Matroda - Do You Remember House.mp3
0.795,0.996,6,-4.714,0,0.0855,0.000231,0.817,0.0461,0.592,126.001,4,3ZD0OYOs25acO3EcZZqXhB,['45lcbTsX07JWzmTIjcdyBz'],"['tech house', 'electro house', 'bass house']",Main Ingredients,Matroda,Matroda - Main Ingredients.mp3
0.808,0.969,9,-6.995,1,0.0498,0.00932,0.897,0.0843,0.76,126.027,4,2p7XPlo5irnRmgNvLq9Gnz,['45lcbTsX07JWzmTIjcdyBz'],"['tech house', 'electro house', 'bass house']",Mozart,Matroda,Matroda - Mozart.mp3
0.772,0.987,8,-5.311,1,0.0523,0.0037,0.816,0.0309,0.363,127.001,4,4ZNuShYJjCqhDq83ZtYGgr,['45lcbTsX07JWzmTIjcdyBz'],"['tech house', 'electro house', 'bass house']",My Mind,Matroda,Matroda - My Mind.mp3
0.845,0.856,1,-3.783,1,0.138,0.0186,0.549,0.0634,0.844,124.021,4,4Rxusvx9OtNZptLb4JuqqB,"['45lcbTsX07JWzmTIjcdyBz', '05jtmvy7zPhTp4GQexPkXY']","['tech house', 'electro house', 'bass house']",True G,"Matroda, BRUX",Matroda - True G (feat. BRUX).mp3
0.764,0.908,7,-3.976,1,0.0735,0.00862,0.742,0.0977,0.354,124.019,4,5VZSIseZuR0WoAwieGD4Ff,['45lcbTsX07JWzmTIjcdyBz'],"['tech house', 'electro house', 'bass house']",Walk In The Spot,Matroda,Matroda - Walk In The Spot.mp3
0.799,0.937,6,-7.677,0,0.225,0.00268,0.888,0.044,0.0362,124.962,4,7qIU50XAzFBYENwo5L5AeV,['45lcbTsX07JWzmTIjcdyBz'],"['tech house', 'electro house', 'bass house']",Wasting Time,Matroda,Matroda - Wasting Time.mp3
0.811,0.759,10,-6.822,0,0.0467,0.000847,0.774,0.0551,0.423,126.049,4,6NxT9CHTUZx8BkOh6gCEvh,"['45lcbTsX07JWzmTIjcdyBz', '7kA4sEagpoNK91I7wr9tYr', '4QWmN97HRZya55JvxN3I5a']","['tech house', 'indonesian edm', 'bass house', 'doujin', 'electro house']",Disco Tool - Taiki Nulight Remix,"Matroda, Bleu Clair, Taiki Nulight","Matroda, Bleu Clair - Disco Tool - Taiki Nulight Remix.mp3"
0.811,0.759,10,-6.822,0,0.0467,0.000847,0.774,0.0551,0.423,126.049,4,6NxT9CHTUZx8BkOh6gCEvh,"['45lcbTsX07JWzmTIjcdyBz', '7kA4sEagpoNK91I7wr9tYr', '4QWmN97HRZya55JvxN3I5a']","['tech house', 'indonesian edm', 'bass house', 'doujin', 'electro house']",Disco Tool,"Matroda, Bleu Clair","Matroda, Bleu Clair - Disco Tool.mp3"
0.796,0.931,6,-5.27,1,0.0915,0.077,0.789,0.113,0.453,125.948,4,4xWczmc5Txq36XTM5092EV,"['45lcbTsX07JWzmTIjcdyBz', '7kA4sEagpoNK91I7wr9tYr']","['tech house', 'electro house', 'indonesian edm', 'bass house']",PWR,"Matroda, Bleu Clair","Matroda, Bleu Clair - PWR.mp3"
0.809,0.786,2,-3.615,1,0.0664,0.002,0.217,0.0617,0.345,124.0,4,0xlMfByO0VWZ7CPFY5HqoX,"['45lcbTsX07JWzmTIjcdyBz', '29DWvZyWy1yvU8jpIePBYi']","['tech house', 'electro house', 'bass house']",Raise Em Up,"Matroda, Loge21","Matroda, Loge21 - Raise Em Up.mp3"
0.778,0.863,8,-3.557,0,0.0544,0.00512,0.786,0.0457,0.14,126.021,4,3eZo7yRLmrHbj60FKxG1mx,"['45lcbTsX07JWzmTIjcdyBz', '5jBerZvTAajwYvdxt3UhgU']","['tech house', 'electro house', 'bass house']",The One,"Matroda, San Pacho","Matroda, San Pacho - The One.mp3"
0.842,0.914,2,-5.796,1,0.135,0.053,0.00128,0.0593,0.388,130.009,4,1UyYIqE4bTokxEK0DUpzTM,"['45lcbTsX07JWzmTIjcdyBz', '1kwRrQDCpXpVliMDntpxCt']","['tech house', 'bass house', 'deep groove house', 'slap house', 'electro house']",Body Move,"Matroda, Tom Budin","Matroda, Tom Budin - Body Move.mp3"
0.348,0.233,7,-9.276,1,0.0349,0.952,0.0,0.0946,0.436,89.948,4,5XhyWkCp2jcYo3bJJoYASW,"['1bqxdqvUtPWZri43cKHac8', '3pc0bOVB5whxmD50W79wwO']","['viral pop', 'chill r&b', 'teen pop', 'singer-songwriter pop']",IT'S YOU,"MAX, keshi",MAX - IT'S YOU (feat. keshi).mp3
0.667,0.627,1,-7.184,1,0.122,0.248,0.0,0.174,0.498,143.948,4,7roB6h5rQPhFRK307eIQk6,"['1bqxdqvUtPWZri43cKHac8', '164Uj4eKjl6zTBKfJLFKKK', '4GvEc3ANtPPjt1ZJllr5Zl']","['pop', 'modern indie pop', 'viral pop', 'pov: indie', 'teen pop', 'singer-songwriter pop']",STRINGS,"MAX, Party Pupils, JVKE, Bazzi",MAX - STRINGS (feat. JVKE & Bazzi) - Party Pupils Remix.mp3
0.714,0.909,11,-3.985,0,0.0964,0.00199,0.00765,0.268,0.482,121.993,4,3UumxquROHFzeYquOTMcHE,"['3NKKngINK1tP6BFy0WOyWk', '5YCU9eHY4IYTyNa8XRFuw9']","['stutter house', 'tech house', 'brostep', 'pop edm']",Sweet,"Max Styler, Alex Hosking",Max Styler - Sweet (feat. Alex Hosking).mp3
0.67,0.707,11,-9.726,0,0.0358,0.714,0.065,0.0634,0.799,89.008,4,0gmStTUTuiU807EB4KafOX,['5ti5FPHgtaSf15KcUisZMt'],['latinx alternative'],Yours,maye,maye - Yours.mp3
0.699,0.926,2,-6.249,1,0.063,0.0449,0.113,0.2,0.468,124.991,4,44lgAk4wJN8ObrFSglxui5,"['0xRXCcSX89eobfrshSVdyu', '4OG9hOPsfAEziKvOJj2SG7']","['pop dance', 'edm', 'pop house', 'uk dance']",Everything You Have Done,"MEDUZA, GENESI","MEDUZA, GENESI - Everything You Have Done.mp3"
0.729,0.588,11,-7.004,1,0.0394,0.0942,0.0,0.172,0.964,110.088,4,4sqUqP7QJrCtoAUGfFDjFE,['7Hsfh7YZzoyojYWQeMSHID'],['alt z'],Shut Up,Mia Rodriguez,Mia Rodriguez - Shut Up.mp3
0.737,0.644,11,-6.469,1,0.0845,0.352,0.0,0.224,0.734,166.089,4,4MlEFAvTGtsJw6CGvePq8H,['4yYvor6Rq4fG82J1L47DYp'],['bedroom pop'],UNBOUND,MICHELLE,MICHELLE - UNBOUND.mp3
0.331,0.74,1,-5.161,1,0.131,0.217,0.0,0.115,0.318,196.019,4,2m70pnnWWOcItUhWHJbPu1,"['5w39eY1aNDybnDGTNgVt3r', '6vPr4VCSFC3nJMw0mEBsn0']","['hopebeat', 'pop edm']",Bad For You,"Midnight Kids, 90's Kids, Party Pupils",Midnight Kids - Bad For You (feat. 90's Kids) - Party Pupils Remix.mp3
0.625,0.763,8,-4.997,0,0.129,0.147,0.0106,0.214,0.721,88.753,4,3sTN90bIP2cJ1783ctHykO,"['5Q81rlcTFh3k6DQJXPdsot', '13ubrt8QOOCPljQ2FL1Kca']","['hyperpop', 'east coast hip hop', 'hip hop', 'indie soul', 'vapor soul', 'rap', 'escape room', 'channel islands indie', 'trap']",Love,"Mura Masa, Daniela Lalita","Mura Masa, Daniela Lalita - Love.mp3"
0.666,0.84,9,-5.997,1,0.0521,0.167,0.00817,0.173,0.377,96.611,4,3GROKC4eYt3KVWN3AyMCwL,['3LEjiFgpLbT1F0UgOE9qbg'],[],Made Your Mama Cry,Nana Lourdes,Nana Lourdes - Made Your Mama Cry.mp3
0.812,0.749,10,-6.389,0,0.0397,0.108,0.0,0.0599,0.841,134.971,4,56v8WEnGzLByGsDAXDiv4d,['6HvZYsbFfjnjFrWF950C9d'],"['k-pop', 'k-pop girl group']",ETA,NewJeans,NewJeans - ETA.mp3
0.599,0.446,10,-6.511,0,0.0833,0.731,0.0,0.105,0.567,179.877,4,5expoVGQPvXuwBBFuNGqBd,['6HvZYsbFfjnjFrWF950C9d'],"['k-pop', 'k-pop girl group']",Hurt,NewJeans,NewJeans - Hurt.mp3
0.804,0.771,9,-4.067,0,0.0433,0.357,3.07e-06,0.108,0.739,126.956,4,65FftemJ1DbbZ45DUfHJXE,['6HvZYsbFfjnjFrWF950C9d'],"['k-pop', 'k-pop girl group']",OMG,NewJeans,NewJeans - OMG.mp3
0.479,0.59,10,-6.937,0,0.201,0.267,2.79e-06,0.108,0.424,99.65,4,2Q0zaBd4u0mwEd7KNppKEf,['5W5JelsLmCytPXmzN5w8fc'],[],Hold Up,Nick Smith,Nick Smith - Hold Up.mp3
0.903,0.833,11,-8.193,0,0.174,0.00429,0.809,0.121,0.338,125.007,4,5j0lAGiVaf45MKfF2yaBdI,['0FPoqGEZFwHQfu5tRPL08X'],['tech house'],Atmosphere,Niko The Kid,Niko The Kid - Atmosphere.mp3
0.793,0.925,10,-3.928,0,0.0449,0.00164,0.558,0.037,0.423,128.017,4,68wDwfXRvvUTCG0KDG6LZn,['21AUdblPrTRzkvJn8FGrlk'],"['brostep', 'electro house', 'electronic trap']",Fear,NITTI,NITTI - Fear.mp3
0.738,0.8,5,-3.971,0,0.049,0.113,0.00144,0.118,0.609,125.937,4,1J2HhduTRKXJ03sgjXhfG0,"['21AUdblPrTRzkvJn8FGrlk', '2HdmDZZKSZQPSpyKDb0T7w']","['brostep', 'electro house', 'electronic trap']",Sex Drive,"NITTI, Hadar Adora","NITTI, Hadar Adora - Sex Drive.mp3"
0.816,0.854,11,-5.523,1,0.051,0.000442,0.653,0.0608,0.3,124.026,4,3Nt13GFJxmmIibwIDV1GDP,['3VRyybsQu0MDG0F2LBxnv7'],"['house', 'tech house', 'bass house']",Dance,Noizu,Noizu - Dance.mp3
0.704,0.955,2,-7.418,1,0.0825,0.00216,0.728,0.595,0.607,126.011,4,0LPRXLByEX5pLvdgw3ABpJ,['3VRyybsQu0MDG0F2LBxnv7'],"['house', 'tech house', 'bass house']",For Your Soul,Noizu,Noizu - For Your Soul.mp3
0.801,0.764,9,-6.373,1,0.0509,0.00563,0.921,0.0887,0.656,124.03,4,7tGfSaUdygABlAYfwgHg2B,['3VRyybsQu0MDG0F2LBxnv7'],"['house', 'tech house', 'bass house']",Jungle,Noizu,Noizu - Jungle.mp3
0.801,0.873,6,-5.812,0,0.0894,0.001,0.573,0.0639,0.79,123.978,4,5SD3MnYc8Mhpa5S3ojfIZj,['3VRyybsQu0MDG0F2LBxnv7'],"['house', 'tech house', 'bass house']",Lasers,Noizu,Noizu - Lasers.mp3
0.785,0.96,6,-6.132,1,0.0429,0.00197,0.873,0.346,0.863,125.027,4,5OJstti1yVNr5MFHbByrUn,['3VRyybsQu0MDG0F2LBxnv7'],"['house', 'tech house', 'bass house']",No More,Noizu,Noizu - No More.mp3
0.833,0.965,6,-5.215,0,0.0528,0.0687,0.135,0.0927,0.922,123.994,4,1pMK3CNjKECeAavfhMi1kn,"['3VRyybsQu0MDG0F2LBxnv7', '7GQsOji7pfixzkLt63awo5']","['house', 'tech house', 'electro house', 'bass house']",4 The People,"Noizu, Tony Romera","Noizu, Tony Romera - 4 The People.mp3"
0.797,0.78,10,-8.943,0,0.184,0.478,0.896,0.379,0.207,123.997,4,0ubMyV1R1LPlUx1NnqB1jK,"['21mKp7DqtSNHhCAU2ugvUw', '4xnihxcoXWK3UqryOSnbw5', '2SrWifjYv7b5tR8EzEmn1x']","['industrial pop', 'indietronica', 'alt z', 'edm', 'chillwave']",Falls - Golden Features Remix,"ODESZA, Sasha Alex Sloan, Golden Features","ODESZA, Sasha Alex Sloan - Falls - Golden Features Remix.mp3"
0.689,0.875,11,-3.219,0,0.0454,0.000395,0.23,0.704,0.292,130.04,4,2uI5yyd0gSq2uqwjHWdiGs,"['7ERTOmWXRyme5WJUpXVVSl', '1FWowTsaucHkPDgmAGGk4T', '4z127TOoCMB8oNtULhoYRd']","['japanese edm', 'brostep', 'electronic trap', 'dubstep']",Okami,"Oski, Allen Mock, Herbalistek","Oski, Allen Mock, Herbalistek - Okami.mp3"
0.66,0.768,9,-7.515,1,0.0815,0.00778,0.00142,0.0669,0.164,124.038,4,6wLujYsftQ9tGIvf54lrkz,['6hs7DlQVJTvFgN7DyzkdnX'],['future bounce'],Start Again,OVSKY,OVSKY - Start Again.mp3
0.651,0.93,4,-3.961,0,0.248,0.00244,0.393,0.497,0.0996,169.961,4,7CQh5cvBqMxlKIghGvO6s1,"['7yPPzu5UdAK7yagQqjEZQm', '25fqWEebq6PoiGQIHIrdtv']","['edm', 'brostep', 'electro house', 'electronic trap']",MDR,"Party Favor, Baauer","Party Favor, Baauer - MDR.mp3"
0.772,0.809,7,-6.195,1,0.0667,0.0233,0.329,0.125,0.349,127.024,4,3jr2iqcQhBHhvYbaQQTHgN,['4F61H4lx1js4wtWfb2Rfnt'],['pop edm'],Break It Down,Party Pupils,Party Pupils - Break It Down.mp3
0.821,0.844,10,-6.266,0,0.276,0.0168,6.43e-05,0.3,0.754,116.07,4,2KHupxlysbCj6q6zWnSF8O,['6TFOalvhHRXh8JmQTVSoyY'],[],matingcall.exe,Pedestrian Tactics,Pedestrian Tactics - matingcall.exe.mp3
0.781,0.924,7,-4.97,1,0.09,0.000932,0.0136,0.157,0.394,105.026,4,0DsAxHjchu8vzMrumD3KsR,['6TFOalvhHRXh8JmQTVSoyY'],[],Nerds Trying To Dance,Pedestrian Tactics,Pedestrian Tactics - Nerds Trying To Dance.mp3
0.852,0.932,9,-6.029,0,0.0562,0.00564,0.0136,0.0556,0.924,122.987,4,3Pq5TLwSJ5JvKqG9Ugh3yS,"['4nc9ASzzzNhX5x4Dttcklw', '6VaCJv2KP3kU8uZiezGkgM']",[],Breakfast,"PEZNT, Born I","PEZNT, Born I - Breakfast.mp3"
0.809,0.904,4,-6.46,0,0.0747,0.0523,0.547,0.0802,0.201,125.002,4,5D59kJUcYmJPLDcx0Co2ol,['1bJJlRHoc1UVeqzxcrPLIw'],['la pop'],Designs for You,Phantoms,Phantoms - Designs for You.mp3
0.68,0.701,9,-8.158,0,0.0443,0.004,0.874,0.0985,0.754,109.023,4,7gI0lcz9cfzVN0jPYTjP3e,['1bJJlRHoc1UVeqzxcrPLIw'],['la pop'],Do It Again,Phantoms,Phantoms - Do It Again.mp3
0.745,0.8,11,-5.606,0,0.0361,0.0209,0.000479,0.113,0.314,122.008,4,4nx4h17pRj1ikT0hZecR8z,"['1bJJlRHoc1UVeqzxcrPLIw', '2y9j8qUwBMGPYPQJJxmYzD']","['la pop', 'alt z']",Say It,"Phantoms, Anna Clendening","Phantoms, Anna Clendening - Say It.mp3"
0.574,0.922,6,-6.309,1,0.042,0.0151,0.453,0.0835,0.705,126.002,4,1MPfyPFjBE0e9GGWImKlXf,"['1bJJlRHoc1UVeqzxcrPLIw', '0AkL5tzM3UsDlWak9E0OwH']","['la pop', 'neo-singer-songwriter']",Lay It All On Me,"Phantoms, Jem Cooke","Phantoms, Jem Cooke - Lay It All On Me.mp3"
0.751,0.663,0,-6.373,0,0.0429,0.272,0.00607,0.111,0.423,125.953,4,0nXkI0UArAYTYklIiurfhj,"['1bJJlRHoc1UVeqzxcrPLIw', '5nQybVOGIy5TZ1XK9CaDiS']","['la pop', 'uk pop', 'isle of wight indie']",Moonlight,"Phantoms, Sarah Close","Phantoms, Sarah Close - Moonlight.mp3"
0.946,0.698,7,-4.762,1,0.136,0.0183,0.902,0.211,0.825,124.018,4,5ADOq3ZORUPspXasfkZvfp,['3g5Lhsq7cSJEK39BzKgIUe'],['bass house'],Keepmastik,Phlegmatic Dogs,Phlegmatic Dogs - Keepmastik.mp3
0.783,0.501,0,-5.716,0,0.299,0.699,0.026,0.109,0.68,93.112,4,4hYquq1GkD528TZhacrgn9,"['1rQItbnVgtRiJkTxHRBUc0', '4E4S0YNpOiCwsoaMxYKH6z']",['future bass'],Polkadot,"Player Dave, REXEX","Player Dave, REXEX - Polkadot.mp3"
0.351,0.855,1,-4.965,1,0.212,0.0194,0.0,0.182,0.495,127.949,4,3cnjyKtLaVD823tvE1OKr2,['3dz0NnIZhtKKeXZxLOxCam'],"['progressive electro house', 'edm', 'complextro', 'pop dance', 'electro house']",Get Your Wish - DJ NOT PORTER ROBINSON Remix,Porter Robinson,Porter Robinson - Get Your Wish - DJ NOT PORTER ROBINSON Remix.mp3
0.455,0.373,10,-12.854,1,0.0325,0.77,0.0443,0.0682,0.375,100.74,4,70gDh9HAjzlRjEyrlR3y9d,['3dz0NnIZhtKKeXZxLOxCam'],"['progressive electro house', 'edm', 'complextro', 'pop dance', 'electro house']",Lifelike,Porter Robinson,Porter Robinson - Lifelike.mp3
0.55,0.648,7,-6.542,1,0.0309,0.0191,0.0,0.0999,0.323,156.957,4,3WBRfkOozHEsG0hbrBzwlm,"['3dz0NnIZhtKKeXZxLOxCam', '47mIJdHORyRerp4os813jD']","['progressive electro house', 'video game music', 'speedrun', 'edm', 'complextro', 'pop dance', 'electro house']",Everything Goes On,"Porter Robinson, League of Legends","Porter Robinson, League of Legends - Everything Goes On.mp3"
0.177,0.531,10,-6.814,1,0.0387,0.0201,4.99e-05,0.0996,0.097,84.289,5,36kCSJg8ZBwiSCUECFKGUy,"['3dz0NnIZhtKKeXZxLOxCam', '0g3NiCRhEv7M4SEDMrpItN']","['progressive electro house', 'nu disco', 'future garage', 'indietronica', 'electronica', 'alternative dance', 'oxford indie', 'edm', 'complextro', 'pop dance', 'electro house']",Unfold,"Porter Robinson, Totally Enormous Extinct Dinosaurs","Porter Robinson, Totally Enormous Extinct Dinosaurs - Unfold.mp3"
0.813,0.797,9,-5.838,0,0.0587,0.025,0.871,0.0758,0.647,127.999,4,4zMQdj6ozXFT4KeSZctlkv,"['3KOzW9NF2ZGwYRo0KfID1R', '6EqFMCnVGBRNmwPlk2f3Uc']","['fidget house', 'bass house', 'brostep', 'russian electronic', 'electro trash', 'electro house']",Magic Word,"Proxy, AC Slater","Proxy, AC Slater - Magic Word.mp3"
0.87,0.835,0,-6.031,1,0.0956,0.159,0.000102,0.062,0.82,128.029,4,5bceumJnptJewPRfZ3zu1U,"['5SUcV9zgkgubuNxk4MIppv', '5fhBBnv3NPDhpCEcEtVtrc']",[],Frog,"Ren Carter, Liv Grace","Ren Carter, Liv Grace - Frog.mp3"
0.612,0.525,7,-7.556,1,0.042,0.0998,0.453,0.0756,0.362,219.883,4,396RhtbZTqEhOPwBBGVvfN,"['4aKdmOXdUKX07HVd3sGgzw', '714O3xvBNiclo82vxBn8Bf']","['canadian electronic', 'electra', 'brostep', 'vapor twitch', 'future bass', 'edm', 'electro house']",Fourth Impact,"Rezz, k?d","Rezz, kd - Fourth Impact.mp3"
0.786,0.727,2,-2.623,1,0.0459,0.0103,0.824,0.343,0.261,99.985,1,2Tx6KCoq9jdoRbcAg1NZ3f,"['4aKdmOXdUKX07HVd3sGgzw', '5JD5mJBIRz9pisqHn7SM7W']","['canadian electronic', 'electra', 'brostep', 'edm', 'electro house']",Teleportal,"Rezz, Kotek","Rezz, Kotek - Teleportal.mp3"
0.72,0.559,2,-4.402,1,0.0381,0.00765,0.746,0.0891,0.128,104.994,4,2IO7Kpqh1ZNCHedMvJd8Ad,"['4aKdmOXdUKX07HVd3sGgzw', '7w1eTNePApzDk8XtgykCPS']","['house', 'bass house', 'canadian electronic', 'electra', 'brostep', 'edm', 'electro house', 'electronic trap']",Criminals,"Rezz, Malaa","Rezz, Malaa - Criminals.mp3"
0.644,0.864,2,-4.488,0,0.0722,0.665,0.754,0.109,0.188,125.935,4,3UFh4oiI9cr4jkOZ9tYR5P,['0Hh9X3QxTHPE2dlAS1g8IN'],"['vapor twitch', 'future bass']",Beam,Rome in Silver,Rome in Silver - Beam.mp3
0.812,0.824,2,-4.204,1,0.0563,0.0435,0.635,0.0334,0.67,125.038,4,6ZQkUkT1GlvHxM9bSAFs5a,['0Hh9X3QxTHPE2dlAS1g8IN'],"['vapor twitch', 'future bass']",Cicero,Rome in Silver,Rome in Silver - Cicero.mp3
0.925,0.796,9,-3.862,1,0.071,0.0268,0.537,0.366,0.357,124.003,4,60GQWonONfgADHxYL6zudO,['0Hh9X3QxTHPE2dlAS1g8IN'],"['vapor twitch', 'future bass']",Fill Up My Soul,Rome in Silver,Rome in Silver - Fill Up My Soul.mp3
0.752,0.752,7,-5.077,1,0.0383,0.309,0.719,0.0964,0.213,100.028,4,0WW8gTjIQdynk5r0hlv2xf,['0Hh9X3QxTHPE2dlAS1g8IN'],"['vapor twitch', 'future bass']",Fool,Rome in Silver,Rome in Silver - Fool.mp3
0.805,0.986,1,-2.831,1,0.0658,0.00953,0.761,0.601,0.722,125.012,4,74dbOFYMzjLcDu2Rtmpx5s,['0Hh9X3QxTHPE2dlAS1g8IN'],"['vapor twitch', 'future bass']",Inferno,Rome in Silver,Rome in Silver - Inferno.mp3
0.622,0.759,10,-5.198,0,0.312,0.0167,0.521,0.0905,0.533,127.52,3,638cjY4uRBt5sR0MMSh730,['0Hh9X3QxTHPE2dlAS1g8IN'],"['vapor twitch', 'future bass']",Tempest,Rome in Silver,Rome in Silver - Tempest.mp3
0.461,0.741,11,-5.781,0,0.0922,0.3,0.23,0.0742,0.315,90.037,4,5OSRKuDKgPm7p4fgfnx6q3,['0Hh9X3QxTHPE2dlAS1g8IN'],"['vapor twitch', 'future bass']",Think About It,Rome in Silver,Rome in Silver - Think About It.mp3
0.754,0.758,5,-5.539,0,0.0391,0.00838,0.479,0.0655,0.605,124.966,4,7pcCYQZRWOW7bGmgdzBQMB,['0Hh9X3QxTHPE2dlAS1g8IN'],"['vapor twitch', 'future bass']",Touch,Rome in Silver,Rome in Silver - Touch.mp3
0.657,0.944,4,-4.539,0,0.038,0.175,0.537,0.178,0.271,134.984,3,1wnnz0A3ycL2Sv01xwJm4X,['0Hh9X3QxTHPE2dlAS1g8IN'],"['vapor twitch', 'future bass']",Waiting...,Rome in Silver,Rome in Silver - Waiting....mp3
0.908,0.487,1,-6.084,1,0.265,0.221,0.14,0.0952,0.44,113.014,4,23seYuIaTdeeKrepWMDgOw,['0Hh9X3QxTHPE2dlAS1g8IN'],"['vapor twitch', 'future bass']",Yoko,Rome in Silver,Rome in Silver - Yoko.mp3
0.593,0.769,10,-6.213,1,0.221,0.086,0.277,0.0673,0.331,121.972,4,7EKcTN0HFIG4QG8x6VlIKF,['0Hh9X3QxTHPE2dlAS1g8IN'],"['vapor twitch', 'future bass']",You Don't Know (what it's like),Rome in Silver,Rome in Silver - You Don't Know (what it's like).mp3
0.784,0.644,7,-5.336,1,0.144,0.236,0.0,0.0915,0.461,104.937,4,5klCgL2An8milAMP12aORh,"['0Hh9X3QxTHPE2dlAS1g8IN', '04bDQYNj7Aos39p2b1Vm31']","['vapor twitch', 'future bass']",Friends,"Rome in Silver, chae","Rome in Silver, chae - Friends.mp3"
0.311,0.607,1,-6.578,1,0.11,0.0174,0.0,0.131,0.286,188.7,4,2pn8dNVSpYnAtlKFC8Q0DJ,['3eVa5w3URK5duf6eyVDbu9'],['k-pop'],On The Ground,ROSÉ,ROSÉ - On The Ground.mp3
0.69,0.839,2,-5.109,0,0.042,0.038,0.42,0.0673,0.661,121.999,4,2Xy7vD3rzZojXUYNtcrC3z,"['6kG0WKHsAOfWp5IsizmQxR', '4tk2WUKBOS9nKZj7bPQIXT', '1bJJlRHoc1UVeqzxcrPLIw']","['la pop', 'nz electronic', 'nz pop']",Enchanté - Phantoms Remix,"SACHI, Naïka, Phantoms","SACHI, Naïka - Enchanté - Phantoms Remix.mp3"
0.83,0.866,2,-3.591,1,0.0431,0.00441,0.824,0.0861,0.194,126.018,4,3qYOKqm5TiRw6Tzl7dtWjV,['0oad1RRAiN1UpaOWbIB0EW'],"['dark clubbing', 'game mood']",Howl,Saint Punk,Saint Punk - Howl.mp3
0.783,0.995,11,-2.531,0,0.172,0.0299,0.837,0.138,0.498,125.963,4,3eVkKWTdFnxP9fuqHIMTE1,['0oad1RRAiN1UpaOWbIB0EW'],"['dark clubbing', 'game mood']",MAD,Saint Punk,Saint Punk - MAD.mp3
0.815,0.943,9,-1.724,1,0.098,0.0256,0.0112,0.292,0.472,124.98,4,4oevshTkafh1sUhdKwmO6C,['0oad1RRAiN1UpaOWbIB0EW'],"['dark clubbing', 'game mood']",Menace,Saint Punk,Saint Punk - Menace.mp3
0.746,0.974,8,-2.416,0,0.149,0.00534,0.00592,0.309,0.402,125.032,4,7pAC4ebO3MVIMAROkUrEyN,"['0oad1RRAiN1UpaOWbIB0EW', '3PWqmi75Me1dx8XQNCRrBX']","['dark clubbing', 'game mood']",911,"Saint Punk, J","Saint Punk, J - 911.mp3"
0.762,0.748,10,-7.837,0,0.147,0.0713,0.103,0.101,0.408,130.022,4,5oPYBpH5bQu9Rhzypi7X82,['1np8xozf7ATJZDi9JX8Dx5'],['ukg revival'],Jennifer - Extended,salute,salute - Jennifer - Extended.mp3
0.645,0.73,0,-6.209,1,0.0287,0.00314,3.66e-05,0.211,0.777,132.007,4,3tMrAHdhYOCRSXsu3xLTmn,"['1Uk1GyijF6fSfX4mWq5bfR', '4yYvor6Rq4fG82J1L47DYp']","['bedroom pop', 'indie pop']",Minnesota - MICHELLE Remix,"Samia, MICHELLE",Samia - Minnesota - MICHELLE Remix.mp3
0.557,0.755,4,-7.831,1,0.0805,0.12,4.71e-06,0.0588,0.295,115.03,4,7nHVIw8JKCs2bDDYh3VpWG,['34A8vV1MCxGpA14KspqQuC'],['gen z singer-songwriter'],Cypress,Sarah Kinsley,Sarah Kinsley - Cypress.mp3
0.8,0.862,5,-4.373,0,0.068,0.000286,0.843,0.0516,0.405,125.97,4,5cG2xC4qPmUTerZdWupWNi,['1ic0FHNGIjXZAWH6O6Reif'],['stutter house'],Need It,Ship Wrek,Ship Wrek - Need It.mp3
0.79,0.84,2,-4.637,1,0.0609,0.0025,0.422,0.0783,0.627,126.001,4,5MvvEKnfgMVLLBkzsgStpD,['1ic0FHNGIjXZAWH6O6Reif'],['stutter house'],Silent,Ship Wrek,Ship Wrek - Silent.mp3
0.775,0.96,1,-7.282,0,0.0618,0.00462,0.648,0.103,0.589,127.028,4,34fXpiwE0KrGzirOItUh9m,['1ic0FHNGIjXZAWH6O6Reif'],['stutter house'],The Function,Ship Wrek,Ship Wrek - The Function.mp3
0.516,0.908,8,-3.312,1,0.0372,0.000502,1.62e-05,0.198,0.23,87.508,4,5dzHlLBWdxdQySpvZLHcu9,['01pKrlgPJhm5dB4lneYAqS'],"['pop dance', 'dancefloor dnb', 'uk dance']",Nobody To Love,Sigma,Sigma - Nobody To Love.mp3
0.81,0.836,1,-7.721,0,0.0645,0.0515,0.229,0.0598,0.0585,139.979,4,74fmYjFwt9CqEFAh8ybeBD,"['5he5w2lnU9x7JFhnwcekXX', '4oLeXFyACqeem2VImYeBFe', '07CimrZi5vs9iEao47TNQ4']","['house', 'stutter house', 'grime', 'brostep', 'edm', 'complextro', 'electro', 'pop dance']",Rumble,"Skrillex, Fred again.., Flowdan","Skrillex, Fred again.., Flowdan - Rumble.mp3"
0.71,0.838,8,-3.067,1,0.11,0.013,0.000417,0.297,0.394,122.993,4,2kURE6wOW7HoWaTIOa2NDF,"['2FwJwEswyIUAljqgjNSHgP', '0bdfiayQAKewqEvaU6rXCv', '6mPZJXtFVaakznkRxdgWtC']","['electropop', 'pop dance', 'danish pop', 'dance pop', 'uk dance']",Don't Leave - Throttle Remix,"Snakehips, MØ, Throttle","Snakehips, MØ - Don't Leave - Throttle Remix.mp3"
0.858,0.943,1,-4.358,1,0.0663,0.000759,0.389,0.11,0.716,125.988,4,0C3Y9kst8c4UmLzomWeTTw,['46z8E62fwg6cqxCLNB1FrI'],"['tech house', 'bassline', 'bass house']",Big Ting Vibe,SQWAD,SQWAD - Big Ting Vibe.mp3
0.819,0.849,0,-6.706,1,0.0726,0.00684,0.0768,0.12,0.645,127.0,4,0LVOxIv7HB4y9llCuUUObS,['46z8E62fwg6cqxCLNB1FrI'],"['tech house', 'bassline', 'bass house']",Dancerteria,SQWAD,SQWAD - Dancerteria.mp3
0.805,0.916,1,-7.161,1,0.148,0.00085,0.863,0.0498,0.0497,127.001,4,3ly7EyAG3qv3wlGBAf7gIF,['46z8E62fwg6cqxCLNB1FrI'],"['tech house', 'bassline', 'bass house']",Everybody,SQWAD,SQWAD - Everybody.mp3
0.859,0.869,7,-6.486,1,0.0651,0.00078,0.361,0.0668,0.853,125.028,4,71Zqt5NLiqVnAayCzY3C3Y,"['46z8E62fwg6cqxCLNB1FrI', '4zE0NW3CyaxTBIulekUFMD', '1YYJxpOXYk1z1WtqdeLMkn']","['tech house', 'bassline', 'bass house', 'dubstep', 'gaming dubstep', 'complextro', 'filthstep', 'electro house', 'electronic trap']",Move,"SQWAD, Badjokes, Habstrakt","SQWAD, Badjokes, Habstrakt - Move.mp3"
0.705,0.863,5,-2.92,0,0.0391,0.0105,0.227,0.137,0.311,124.068,4,2iYkWj6QZqp8yOOHcEhnGd,['523iXWyHL26prJR3GKjRhx'],[],Dozing Off Again... - House Edit,Starjunk 95,Starjunk 95 - Dozing Off Again... - House Edit.mp3
0.77,0.903,11,-3.931,1,0.0414,0.00864,0.376,0.154,0.314,124.015,4,0nzxHXi11ZQrZEuUQEdU87,['523iXWyHL26prJR3GKjRhx'],[],Dreamfields,Starjunk 95,Starjunk 95 - Dreamfields.mp3
0.8,0.892,1,-6.379,1,0.048,0.0282,0.225,0.377,0.228,124.989,4,07IcdBIkR49qDS5eUn45Dv,['523iXWyHL26prJR3GKjRhx'],[],Stardust Circuit,Starjunk 95,Starjunk 95 - Stardust Circuit.mp3
0.628,0.9,5,-4.353,0,0.427,0.211,0.0118,0.114,0.223,145.08,4,6hLxgEL3b6ROSWRxUrx47F,['2a8ez0A2owcYhFki9860sm'],"['vapor twitch', 'future bass']",Bloom,sumthin sumthin,sumthin sumthin - Bloom.mp3
0.842,0.561,9,-5.612,1,0.346,0.0695,0.00727,0.054,0.489,113.184,5,1sapkOtIyfmZTwiQeXHOQb,['2a8ez0A2owcYhFki9860sm'],"['vapor twitch', 'future bass']",Cut That,sumthin sumthin,sumthin sumthin - Cut That.mp3
0.695,0.566,8,-5.931,1,0.0597,0.012,0.0111,0.0809,0.105,140.078,4,6NhvQG9YX4g5EuKqlL6zF4,['2a8ez0A2owcYhFki9860sm'],"['vapor twitch', 'future bass']",Ghost,sumthin sumthin,sumthin sumthin - Ghost.mp3
0.756,0.498,0,-7.212,1,0.211,0.014,0.923,0.108,0.387,160.051,4,79OYtvVOyMatnjFcwd73KI,['2a8ez0A2owcYhFki9860sm'],"['vapor twitch', 'future bass']",Gryme,sumthin sumthin,sumthin sumthin - Gryme.mp3
0.833,0.364,1,-7.515,0,0.14,0.0403,0.567,0.313,0.0938,106.778,4,4jnKKSidsD6llLQhauro0N,['2a8ez0A2owcYhFki9860sm'],"['vapor twitch', 'future bass']",Vivid,sumthin sumthin,sumthin sumthin - Vivid.mp3
0.646,0.693,11,-7.505,0,0.0651,0.0213,0.506,0.126,0.321,130.063,4,5rFRdSHV7GQyu2kNjyXRgE,"['2a8ez0A2owcYhFki9860sm', '1496XxkytEk26FUJLfpVZr']","['electra', 'vapor twitch', 'future bass', 'glitch hop', 'downtempo bass']",Salt,"sumthin sumthin, CloZee","sumthin sumthin, CloZee - Salt.mp3"
0.557,0.511,10,-4.908,0,0.0692,0.00275,0.147,0.252,0.184,172.071,4,0mD8lQozlXUYdDcHFr8C59,"['2a8ez0A2owcYhFki9860sm', '78JjBYPpCRwGwaZff4qQrv']","['halftime dnb', 'vapor twitch', 'future bass']",Damage,"sumthin sumthin, Saka","sumthin sumthin, Saka - Damage.mp3"
0.682,0.9,5,-1.906,1,0.0491,0.0111,0.642,0.121,0.54,123.432,4,11YZz3OSf3QukO7CHSkVvT,['5zFMLXUnqxwdgTpLCX9LDj'],['vapor soul'],Here with You,Super Duper,Super Duper - Here with You.mp3
0.89,0.477,2,-5.876,1,0.056,0.0122,0.746,0.0812,0.531,125.987,4,3qLLNBpWO3XMmlpMc5bS0q,['4QWmN97HRZya55JvxN3I5a'],"['doujin', 'bass house']",Through Glass,Taiki Nulight,Taiki Nulight - Through Glass.mp3
0.827,0.773,2,-7.055,1,0.0513,0.000627,0.458,0.0587,0.345,128.0,4,7ckBAzy6ZE8FF3u4YcX7Q2,"['4QWmN97HRZya55JvxN3I5a', '2U5JmM5bTJuARrzQYnDAKn']","['bassline', 'doujin', 'bass house']",Soundwave,"Taiki Nulight, Dread MC","Taiki Nulight, Dread MC - Soundwave.mp3"
0.89,0.885,11,-4.44,0,0.0751,0.00655,0.195,0.292,0.537,125.023,4,3ehnUlsh4gPBmORuJkOiPd,"['4QWmN97HRZya55JvxN3I5a', '1kk6o5FDlujcgz2d2iFXKy']","['deep groove house', 'australian house', 'doujin', 'bass house']",Dr Sbaitso,"Taiki Nulight, LO'99","Taiki Nulight, LO'99 - Dr Sbaitso.mp3"
0.813,0.543,1,-9.512,1,0.0499,0.00163,0.0262,0.326,0.876,113.998,4,6OZEWmc80WHiWZ1YVcWhcZ,"['5INjqkS1o8h1imAzPqGZBb', '4T6l995AHz8HCY7TCfQorD']","['australian psych', 'rock', 'modern rock', 'neo-psychedelic']",Patience - Maurice Fulton Remix,"Tame Impala, Maurice Fulton",Tame Impala - Patience - Maurice Fulton Remix.mp3
0.822,0.771,5,-4.884,0,0.168,0.00187,0.0738,0.295,0.312,126.004,4,6lgBkcpImsGfzpJmTAGigQ,"['1KpCi9BOfviCVhmpI4G2sY', '5kPhAZL6iV8iDywUmIPC3g']","['future house', 'house', 'deep groove house', 'chinese electronic', 'progressive house', 'edm', 'pop dance', 'electro house']",Adieu (Chace Remix),"Tchami, Chace",Tchami - Adieu (Chace Remix).mp3
0.795,0.826,9,-4.407,1,0.0639,0.00151,0.671,0.0915,0.192,123.982,4,0DCFw6EL8ogVYGlAHetO9k,"['1KpCi9BOfviCVhmpI4G2sY', '4QWmN97HRZya55JvxN3I5a']","['future house', 'house', 'bass house', 'deep groove house', 'progressive house', 'edm', 'doujin', 'pop dance', 'electro house']",Godspell,"Tchami, Taiki Nulight",Tchami - Godspell (feat. Taiki Nulight).mp3
0.804,0.681,11,-10.055,1,0.0855,4.61e-05,0.847,0.0388,0.808,124.996,4,22E507CZ9vsCnhfj2LSYIs,"['1KpCi9BOfviCVhmpI4G2sY', '5ASWBtbVe1yfxjrCuREQ4p']","['progressive electro house', 'future house', 'house', 'dutch house', 'deep groove house', 'progressive house', 'sky room', 'edm', 'pop dance', 'melbourne bounce', 'electro house']",Omega,"Tchami, Ibranovski",Tchami - Omega (feat. Ibranovski).mp3
0.747,0.898,8,-5.206,0,0.221,0.0302,0.0321,0.0897,0.479,126.049,4,1ykuuJCnLBtJ0XBFgL8DCe,['1KpCi9BOfviCVhmpI4G2sY'],"['future house', 'house', 'deep groove house', 'progressive house', 'edm', 'pop dance', 'electro house']",Rainforest,Tchami,Tchami - Rainforest.mp3
0.805,0.84,1,-4.527,1,0.102,0.00172,0.52,0.0751,0.411,126.019,4,7po5x6slgBtianHosm3USx,['1KpCi9BOfviCVhmpI4G2sY'],"['future house', 'house', 'deep groove house', 'progressive house', 'edm', 'pop dance', 'electro house']",SIAW,Tchami,Tchami - SIAW.mp3
0.719,0.72,11,-4.799,1,0.049,0.00283,0.00698,0.0962,0.628,122.015,4,67wOrrhEBS2jY5jn4P8lV8,"['1KpCi9BOfviCVhmpI4G2sY', '4E7AV8mtElSjHZP3xA9kyU']","['future house', 'house', 'deep groove house', 'progressive house', 'neo soul', 'pop r&b', 'edm', 'pop dance', 'electro house']",World To Me,"Tchami, Luke James",Tchami - World To Me (feat. Luke James).mp3
0.729,0.846,4,-5.496,0,0.0364,0.0275,0.568,0.105,0.126,116.995,4,71T4dBPd96SJmZXGY3m78C,['1KpCi9BOfviCVhmpI4G2sY'],"['future house', 'house', 'deep groove house', 'progressive house', 'edm', 'pop dance', 'electro house']",Zeal,Tchami,Tchami - Zeal.mp3
0.685,0.805,4,-5.618,0,0.0707,0.0021,0.747,0.296,0.331,128.035,4,4kZrwBAUpHlK2QAsiVyOFt,"['1KpCi9BOfviCVhmpI4G2sY', '3IHsD0sttucHrX8b32Vcab', '0znYdSCG2n7myCQ8BRsJqL']","['future house', 'house', 'bass house', 'deep groove house', 'progressive house', 'edm', 'pop dance', 'electro house']",My Place,"Tchami, BROHUG, Reece","Tchami, BROHUG - My Place (feat. Reece).mp3"
0.917,0.633,11,-9.622,0,0.155,0.00994,0.875,0.35,0.807,124.007,4,485HVGVom0y91pnOlpZ2ij,"['1KpCi9BOfviCVhmpI4G2sY', '7w1eTNePApzDk8XtgykCPS', '7LJSAfWhO7jhjnewy6pKyZ']","['future house', 'house', 'fidget house', 'tech house', 'bass house', 'deep groove house', 'brostep', 'progressive house', 'edm', 'pop dance', 'electro house', 'electronic trap']",Prophecy (Kyle Watson Remix),"Tchami, Malaa, Kyle Watson","Tchami, Malaa - Prophecy (Kyle Watson Remix).mp3"
0.765,0.824,2,-1.957,1,0.0487,0.0052,0.775,0.0627,0.235,125.006,4,7FhXCOpzJHQ9k59YB8SAM0,"['1KpCi9BOfviCVhmpI4G2sY', '7w1eTNePApzDk8XtgykCPS']","['future house', 'house', 'bass house', 'deep groove house', 'brostep', 'progressive house', 'edm', 'pop dance', 'electro house', 'electronic trap']",Prophecy,"Tchami, Malaa","Tchami, Malaa - Prophecy.mp3"
0.856,0.802,2,-5.169,1,0.152,0.0129,0.0016,0.295,0.461,126.013,4,6eDIBLFq4zODwM6ccThdOb,"['7IIPt2aOjyLjpwsRGXsj7h', '4F61H4lx1js4wtWfb2Rfnt']","['bossbeat', 'pop edm']",Pineapple Piñata - Party Pupils Remix,"Teddi Gold, Party Pupils",Teddi Gold - Pineapple Piñata - Party Pupils Remix.mp3
0.789,0.924,11,-4.821,1,0.14,0.048,0.00018,0.174,0.434,123.114,4,5LM3orSuNodBQS8c5HY9JH,"['2AmfMGi3WZMxqFDHissIAe', '2FwJwEswyIUAljqgjNSHgP']","['uk pop', 'indie poptimism', 'uk dance', 'alt z', 'electropop', 'indie pop']",Daydream - Snakehips Remix,"The Aces, Snakehips",The Aces - Daydream - Snakehips Remix.mp3
0.78,0.984,9,-3.46,0,0.124,0.0369,0.0116,0.176,0.565,124.941,4,6Xshz1Cjgiux8HfEuJZHSk,['0hYtrPQ05Qu1N5r0QcpoDp'],[],BAPPI,The Deep,The Deep - BAPPI.mp3
0.684,0.894,2,-4.101,1,0.105,0.00479,0.0473,0.0771,0.584,163.978,4,2OnJ5vfbFGNIOvBWudGTaf,"['5czcqWtwZb5btfWWvWTmgZ', '6mcEXkX1gFc4kttIF6JKb5', '1wYOGoKwFM8sRryvmRf206']","['glitch hop', 'indie poptimism', 'jam band', 'lawrence ks indie']",Denim,"The Floozies, Gibbz, MZG","The Floozies, Gibbz, MZG - Denim.mp3"
0.832,0.618,7,-9.844,1,0.0573,0.014,0.0338,0.102,0.791,117.979,4,32CURc5d1ItzN2U46ywFb9,"['5czcqWtwZb5btfWWvWTmgZ', '3cj6O7NrjS5l0CVo8LhpV1']","['glitch hop', 'bass house', 'jam band', 'lawrence ks indie']",Hot Guy Alert,"The Floozies, The Sponges","The Floozies, The Sponges - Hot Guy Alert.mp3"
0.679,0.931,2,-3.424,1,0.0578,0.000235,0.387,0.0521,0.349,124.009,4,20FgqlI9ANzgmlUquJrsuw,"['5xwd7lKJeb2opUvYZnXFut', '79OsU8JudFdMQxQTnyOJcF', '3wRQD6UZWlaWEnbgpIEPPX', '5Ad8YPmqQf2tay2SZ8NxWY']","['canadian electronic', 'glitch hop', 'electro house', 'bass house']",Warn Ya - Cazztek Remix,"The Funk Hunters, Defunk, Cazztek, Akylla","The Funk Hunters, Defunk, Akylla - Warn Ya - Cazztek Remix.mp3"
0.717,0.762,4,-7.089,1,0.0734,0.0258,0.0413,0.299,0.387,123.037,4,2nuQAULY22Sm8s4LsALj84,"['2x7EATekOPhFGRx3syMGEC', '4QFHHdZkeqmneDQqKIjAN8']","['la pop', 'nu disco', 'indie poptimism', 'alternative dance']",Bang Bang,"The Knocks, Donna Missal",The Knocks - Bang Bang (feat. Donna Missal).mp3
0.651,0.786,9,-3.725,1,0.0761,0.0035,6.99e-05,0.179,0.414,109.019,4,4XP2xY8tUYed1cceuh24Q8,"['2x7EATekOPhFGRx3syMGEC', '7avo0PmlW8O1YLEt9DnWQT']","['nu disco', 'indie poptimism', 'alternative dance']",Bedroom Eyes,"The Knocks, Studio Killers",The Knocks - Bedroom Eyes (feat. Studio Killers).mp3
0.616,0.854,4,-6.892,0,0.0356,0.000307,0.748,0.131,0.566,124.008,4,7LsAMq97fppoHHo4QNNCyl,['2x7EATekOPhFGRx3syMGEC'],"['nu disco', 'indie poptimism', 'alternative dance']",Dancing With The DJ,The Knocks,The Knocks - Dancing With The DJ.mp3
0.667,0.904,0,-4.538,1,0.122,0.0796,0.00291,0.308,0.651,116.008,4,3gYSqxntZtlR4com7pDv9f,"['2x7EATekOPhFGRx3syMGEC', '7FU0xCgmSYQEiBeevUqQ4S']","['nu disco', 'nyc pop', 'indie poptimism', 'alternative dance']",Gimme Love,"The Knocks, Yoke Lore",The Knocks - Gimme Love (feat. Yoke Lore).mp3
0.739,0.628,8,-4.137,1,0.0703,0.0245,0.0,0.266,0.634,120.944,4,1nyyEarKbjbGm3iJqvZknV,"['2x7EATekOPhFGRx3syMGEC', '4OSArit7O2Jaj4mgf3YN7A']","['nu disco', 'indie poptimism', 'alternative dance', 'brisbane indie', 'australian indie', 'aussietronica']",R U HIGH,"The Knocks, Mallrat",The Knocks - R U HIGH (feat. Mallrat).mp3
0.684,0.232,0,-13.249,1,0.0297,0.86,0.404,0.135,0.387,73.518,4,02wNtFxlr9dLmZXKT5TIF5,['2sSGPbdZJkaSE2AbcGOACx'],"['la indie', 'bedroom pop']",Over the Moon,The Marías,The Marías - Over the Moon.mp3
0.672,0.436,9,-11.743,1,0.0326,0.71,0.147,0.117,0.557,105.003,4,1mbuSss0OVqfS00y7yCNCZ,['2sSGPbdZJkaSE2AbcGOACx'],"['la indie', 'bedroom pop']",Ruthless,The Marías,The Marías - Ruthless.mp3
0.771,0.795,1,-5.895,1,0.0747,0.0012,0.0747,0.501,0.663,124.037,4,3zyLiMyss1RejDsdFX3jRC,['3cj6O7NrjS5l0CVo8LhpV1'],['bass house'],Jerry Brain,The Sponges,The Sponges - Jerry Brain.mp3
0.738,0.713,5,-4.727,0,0.108,0.13,0.0,0.298,0.39,124.992,4,6ud5FYBgnM8II9iOk5P8r5,['6mPZJXtFVaakznkRxdgWtC'],[],All In,Throttle,Throttle - All In.mp3
0.625,0.788,9,-4.335,0,0.0422,0.026,0.00177,0.214,0.242,125.019,3,5ZI2uKHpKza44XVsRZy7lM,['6mPZJXtFVaakznkRxdgWtC'],[],For Me - VIP,Throttle,Throttle - For Me - VIP.mp3
0.733,0.894,10,-4.761,1,0.124,0.0196,5.7e-05,0.619,0.488,125.982,4,1y0UriJkdMdvlkWpjaI6Vs,"['2o5jDhtHVPhrJdv3cEQ99Z', '2mmqhYDTD0weseyXUf1QJ5', '1DNFG0VEHD2Vk5ESUEPuOM']","['house', 'dutch edm', 'brostep', 'trance', 'big room', 'slap house', 'edm', 'uplifting trance', 'pop dance']",My Frequency,"Tiësto, 7 Skies, RebMoe","Tiësto, 7 Skies - My Frequency (feat. RebMoe).mp3"
0.758,0.772,0,-7.807,1,0.0504,0.00747,0.754,0.159,0.33,126.005,4,3i7mQW4Z7sYnnDzt23KniJ,"['1kwRrQDCpXpVliMDntpxCt', '1K80Wcuuo13i28cVd68mxm']","['deep groove house', 'tech house', 'slap house']",Supersonic,"Tom Budin, Dave Winnel","Tom Budin, Dave Winnel - Supersonic.mp3"
0.682,0.98,6,-10.488,0,0.0537,0.0361,0.892,0.113,0.606,155.0,4,5T80xhv5edZ3Z2AtZ4Ki79,['6s9u44nih7GcT9kXBqM2Xr'],[],Falling van Buuren,TRANCEMAN2000,TRANCEMAN2000 - Falling van Buuren.mp3
0.772,0.705,3,-4.576,0,0.0852,0.18,0.273,0.133,0.593,140.051,4,6IfsvWQORqjmG3tQxyB516,['0tvpihdAsKiNnP6sWS3jUI'],"['electronic trap', 'bass trap']",Back To The Wall,TroyBoi,TroyBoi - Back To The Wall.mp3
0.883,0.406,2,-6.07,1,0.301,0.0307,0.547,0.057,0.534,140.07,4,67bRcGquJWIw6q927Yocht,['0tvpihdAsKiNnP6sWS3jUI'],"['electronic trap', 'bass trap']",Grimey,TroyBoi,TroyBoi - Grimey.mp3
0.77,0.607,11,-6.189,0,0.0422,0.000403,0.766,0.101,0.343,142.024,4,0ztWvG2NEE49aTyr93P46g,['0tvpihdAsKiNnP6sWS3jUI'],"['electronic trap', 'bass trap']",Sensei,TroyBoi,TroyBoi - Sensei.mp3
0.792,0.764,1,-4.78,1,0.358,0.00224,0.0673,0.111,0.377,150.107,4,6K4DTxKf2gvrVNqgR8wAob,"['3T0BepBNnd3kw2m10rh8yW', '4aTmeAJQIHvOYEpc5KxJ8x']",['experimental bass'],Bleacher Creature,"TVBOO, um..","TVBOO, um.. - Bleacher Creature.mp3"
0.755,0.594,1,-4.778,1,0.285,0.00264,0.0,0.242,0.518,89.22,4,1L8NADNWd56cZRnaxcxPPI,['68kEuyFKyqrdQQLLsmiatm'],"['conscious hip hop', 'underground hip hop', 'hip hop', 'rap']",ROSE STREET,Vince Staples,Vince Staples - ROSE STREET.mp3
0.659,0.874,8,-6.808,1,0.115,0.0604,0.794,0.512,0.19,125.987,4,2d6LnE2SBN57UJL07RAEkx,['1FGLT6mEhIrPhgqYiU57ro'],['brazilian edm'],Pó De Anjo,VINNE,VINNE - Pó De Anjo.mp3
0.311,0.857,11,-8.332,0,0.0395,0.00133,0.804,0.307,0.36,119.968,4,3A02f2nXSbpeY9uXHi7oMi,['0F52YLV7uWqaJfMMDgG737'],"['electro house', 'future bass']",Ghost Voices,Virtual Self,Virtual Self - Ghost Voices.mp3
0.526,0.968,1,-4.992,1,0.0517,0.00159,0.941,0.356,0.229,118.0,4,5MEStu1XSbCXlq5svrUtTj,['0F52YLV7uWqaJfMMDgG737'],"['electro house', 'future bass']",Key,Virtual Self,Virtual Self - Key.mp3
0.807,0.947,7,-6.404,1,0.0513,0.00988,0.87,0.0791,0.193,126.013,4,0sg1ZDhJ6r2YAoBpwpHemS,['4Nl6PVYLwbCFfr3UqQlFtE'],"['tech house', 'brazilian edm', 'bass house']",Bump,VOLAC,VOLAC - Bump.mp3
0.849,0.923,2,-5.676,1,0.0965,0.052,0.835,0.0569,0.527,125.999,4,11qS1PfA0uudC5LTWe3ucH,['4Nl6PVYLwbCFfr3UqQlFtE'],"['tech house', 'brazilian edm', 'bass house']",Russian Style,VOLAC,VOLAC - Russian Style.mp3
0.814,0.624,1,-5.172,1,0.0392,0.000365,0.896,0.059,0.55,126.009,4,75IZynnyXUgOxemvX3A5dq,"['4Nl6PVYLwbCFfr3UqQlFtE', '045FVvBNAc7VnPYvzAJpO1']","['tech house', 'brazilian edm', 'bass house']",Like Dis - Radio Edit,"VOLAC, Gustavo Mota","VOLAC, Gustavo Mota - Like Dis - Radio Edit.mp3"
0.798,0.756,10,-6.575,0,0.0878,0.0189,0.000143,0.15,0.699,115.947,4,0DPInrOe0yadxa2FdaA1PN,"['0FL2d6iFFNAV3yBUbXjZ1U', '6cEuCEZu7PAE9ZSzLLc2oQ']","['progressive electro house', 'indie electropop', 'dutch house', 'australian pop', 'slap house', 'edm', 'pop dance', 'electro house']",Good Things - R3HAB Remix,"Wafia, R3HAB",Wafia - Good Things - R3HAB Remix.mp3
0.799,0.854,9,-4.882,1,0.095,0.0539,0.265,0.242,0.502,126.027,4,6AN6ILWZaDOgqXd57WVffY,['7zm3aSdmGiOkTt0aZFSO8R'],"['tech house', 'electro house', 'bass house']",Keep Raving,Wax Motif,Wax Motif - Keep Raving.mp3
0.676,0.903,11,-3.872,0,0.055,0.00457,0.617,0.138,0.642,125.0,4,5ReD0EFOt4pty5Ql8QlnUj,"['7zm3aSdmGiOkTt0aZFSO8R', '45lcbTsX07JWzmTIjcdyBz']","['tech house', 'electro house', 'bass house']",Lose Control,"Wax Motif, Matroda","Wax Motif, Matroda - Lose Control.mp3"
0.474,0.694,0,-5.654,1,0.0468,0.0193,0.000412,0.0884,0.336,155.048,4,6gM5j4qoYpwxVtozjwXpOO,"['4AA8eXtzqh5ykxtafLaPOi', '52sbFniPptK6lNYHmuoPpz']","['brostep', 'escape room', 'vapor twitch', 'edm', 'aussietronica', 'electro house', 'electronic trap']",Be Ok Again,"What So Not, Daniel Johns","What So Not, Daniel Johns - Be Ok Again.mp3"
0.445,0.637,4,-5.672,0,0.0342,0.00152,0.0103,0.129,0.0863,89.847,4,3QgLLkVcADJ3tM1nIzf5Rw,"['4AA8eXtzqh5ykxtafLaPOi', '55BFQS36sJYz2B0ClypIvS']","['brostep', 'escape room', 'vapor twitch', 'edm', 'aussietronica', 'electro house', 'electronic trap']",Warlord,"What So Not, SLUMBERJACK","What So Not, SLUMBERJACK - Warlord.mp3"
0.764,0.705,3,-5.279,0,0.0278,0.0371,1.94e-05,0.0943,0.672,101.003,4,0y60itmpH0aPKsFiGxmtnh,['3rWZHrfrsPBxVy692yAIxF'],"['post-teen pop', 'pop', 'pov: indie', 'afrofuturism']",Wait a Minute!,WILLOW,WILLOW - Wait a Minute!.mp3
0.713,0.927,6,-6.088,0,0.486,0.00376,0.00351,0.682,0.687,127.03,4,28X0E21uKdA7S1HvgMJjP8,['3534yWWzmxx8NbKVoNolsK'],"['progressive electro house', 'house', 'edm', 'complextro', 'electro house']",28 Grams,Wolfgang Gartner,Wolfgang Gartner - 28 Grams.mp3
0.833,0.879,9,-7.092,1,0.15,0.000989,0.519,0.0787,0.757,126.002,4,7c1nwQG909uEAphCBqXdIy,['3534yWWzmxx8NbKVoNolsK'],"['progressive electro house', 'house', 'edm', 'complextro', 'electro house']",Mike Tyson,Wolfgang Gartner,Wolfgang Gartner - Mike Tyson.mp3
0.849,0.75,11,-5.013,0,0.0543,0.00125,0.0792,0.116,0.653,125.996,4,1vegEZWfo7vRP6ZyWN7eNF,['0dBHeI1RuLCkzOkTcIXwPm'],[],Never Hide - Original Mix,Wolsh,Wolsh - Never Hide - Original Mix.mp3
0.765,0.65,6,-6.043,1,0.0372,0.0669,0.0,0.204,0.409,131.022,4,5OqMZ8In8CkCa0SbknnDPl,['0LOK81e9H5lr61HlGGHqwA'],['k-pop girl group'],GRL GVNG,XG,XG - GRL GVNG.mp3
0.767,0.721,1,-5.586,1,0.0456,0.153,1.52e-06,0.108,0.884,150.065,4,3v5o91PrUtf0nmO6j8J7dZ,['0LOK81e9H5lr61HlGGHqwA'],['k-pop girl group'],LEFT RIGHT,XG,XG - LEFT RIGHT.mp3
0.818,0.777,7,-2.825,1,0.0625,0.195,0.0,0.731,0.688,114.001,4,6Pjzy9avwlVr4UAbxkQQmh,['0LOK81e9H5lr61HlGGHqwA'],['k-pop girl group'],NEW DANCE,XG,XG - NEW DANCE.mp3
0.625,0.712,2,-5.996,1,0.0539,0.0229,0.0,0.252,0.398,163.015,4,3IelG5zYpWWCZIH4cqWlPV,['0LOK81e9H5lr61HlGGHqwA'],['k-pop girl group'],SHOOTING STAR,XG,XG - SHOOTING STAR.mp3
0.757,0.633,4,-9.234,0,0.118,0.0176,0.175,0.13,0.926,80.003,4,0JeokLKCya7SZGpGjqNcAQ,"['2RqrWplViWHSGLzlhmDcbt', '68TCVp5t1Dxi2TvNuYoYK0']","['alternative r&b', 'escape room', 'experimental house', 'art pop', 'korean pop']",29,"Yaeji, OHHYUK","Yaeji, OHHYUK - 29.mp3"
0.738,0.95,1,-3.266,0,0.064,0.0566,1.31e-05,0.165,0.59,119.982,4,08c3tqCZN3PQcLA5VNkXt9,['64tJ2EAv1R6UaZqc4iOCyj'],"['j-pop', 'japanese teen pop']",ミスター,YOASOBI,YOASOBI - ミスター.mp3
0.858,0.502,7,-8.936,1,0.0587,0.175,0.0533,0.134,0.345,119.947,4,164PqKYitMXTrr8nMt7owN,['3pQXFWbvLit77NpvNmOo3k'],['vapor pop'],Queen of the Valley,Young & Sick,Young & Sick - Queen of the Valley.mp3
0.579,0.759,2,-5.584,0,0.0386,0.06,0.000138,0.117,0.127,127.875,4,0qlAureWHln3vDCsqnkyRE,['2qxJFvFYMEDqd7ui6kSAcq'],"['pop', 'edm', 'complextro', 'german techno', 'pop dance']",Done With Love,Zedd,Zedd - Done With Love.mp3
0.583,0.86,8,-4.347,1,0.0842,0.0231,1.33e-06,0.0977,0.279,127.032,4,1Aw0wPIW70GsV9KoD8m7Ps,['2qxJFvFYMEDqd7ui6kSAcq'],"['pop', 'edm', 'complextro', 'german techno', 'pop dance']",Straight Into The Fire,Zedd,Zedd - Straight Into The Fire.mp3
0.572,0.864,2,-4.098,0,0.0477,0.0215,0.0,0.375,0.26,149.945,4,0NWQTyapmz4GuDTSN9xTB7,"['2qxJFvFYMEDqd7ui6kSAcq', '0id62QV2SZZfvBn9xpmuCl']","['pop soul', 'pop', 'r&b', 'edm', 'complextro', 'german techno', 'pop dance']",Candyman,"Zedd, Aloe Blacc","Zedd, Aloe Blacc - Candyman.mp3"
0.509,0.781,8,-3.48,1,0.072,0.0398,0.0,0.0749,0.176,128.0,4,60wwxj6Dd9NJlirf84wr2c,"['2qxJFvFYMEDqd7ui6kSAcq', '7qRll6DYV06u2VuRPAVqug']","['uk pop', 'pop', 'metropopolis', 'edm', 'complextro', 'german techno', 'electropop', 'pop dance']",Clarity,"Zedd, Foxes","Zedd, Foxes - Clarity.mp3"
0.762,0.913,5,-4.101,0,0.111,0.233,0.47,0.11,0.365,126.001,4,7s2fTKrE24gtReCNgnrRBo,"['0bMKf3lIYR9GaNTdFKkTOr', '1l2ekx5skC4gJH8djERwh1']","['progressive electro house', 'future house', 'dutch house', 'progressive house', 'edm', 'pop dance', 'sky room', 'electro house']",Tunnel Vision - Don Diablo Edit,"Zonderling, Don Diablo",Zonderling - Tunnel Vision - Don Diablo Edit.mp3
